Date,SPY,TLT,GLD,HYG,USD_TRY
2015-01-02,203.8,119.54,116.98,85.05,2.5148
2015-01-05,202.47,119.48,117.49,85.4,2.5063
2015-01-06,201.34,117.11,117.62,84.77,2.5821
2015-01-07,198.99,118.94,115.59,85.24,2.5758
2015-01-08,201.03,116.95,115.31,84.99,2.5807
2015-01-09,195.93,116.04,114.95,84.0,2.6318
2015-01-12,199.92,116.6,114.88,83.61,2.6048
2015-01-13,198.28,115.24,114.22,84.01,2.5879
2015-01-14,199.08,114.11,114.2,84.24,2.5953
2015-01-15,198.6,113.14,113.71,83.53,2.5866
2015-01-16,202.0,113.74,112.33,83.94,2.5514
2015-01-19,197.41,116.24,113.29,83.91,2.5466
2015-01-20,196.77,116.29,114.26,84.2,2.5372
2015-01-21,195.99,115.08,116.15,84.43,2.5572
2015-01-22,198.61,115.68,116.23,83.71,2.5081
2015-01-23,196.22,115.04,115.8,83.96,2.4886
2015-01-26,195.92,115.03,115.23,83.59,2.5248
2015-01-27,194.05,116.32,113.58,84.6,2.5832
2015-01-28,194.22,115.51,114.67,85.08,2.5383
2015-01-29,195.59,115.53,113.5,85.13,2.5596
2015-01-30,193.24,114.58,112.26,84.52,2.5311
2015-02-02,195.84,114.42,112.06,84.58,2.5068
2015-02-03,197.93,114.71,113.67,84.7,2.4822
2015-02-04,199.14,113.65,113.95,83.95,2.4711
2015-02-05,201.27,113.3,112.87,85.39,2.5023
2015-02-06,199.79,113.05,112.14,85.67,2.5253
2015-02-09,199.59,112.38,112.83,86.79,2.5286
2015-02-10,197.56,111.14,112.68,86.08,2.5191
2015-02-11,197.04,109.67,111.88,87.17,2.5207
2015-02-12,198.31,109.52,111.66,86.3,2.5191
2015-02-13,196.84,109.25,112.47,85.9,2.5447
2015-02-16,196.03,111.58,114.62,86.27,2.527
2015-02-17,194.59,109.05,113.3,86.32,2.5283
2015-02-18,192.81,109.18,112.65,84.82,2.5267
2015-02-19,191.42,109.57,111.82,84.13,2.5267
2015-02-20,191.47,111.0,109.32,84.69,2.5358
2015-02-23,189.14,111.53,108.39,86.06,2.5433
2015-02-24,189.72,110.65,107.37,86.67,2.5859
2015-02-25,193.4,110.66,108.53,86.51,2.5848
2015-02-26,195.11,111.24,108.42,87.06,2.6353
2015-02-27,194.76,110.92,106.79,86.33,2.6272
2015-03-02,192.89,111.74,107.47,86.68,2.6137
2015-03-03,191.34,109.79,107.13,85.82,2.6185
2015-03-04,195.12,111.61,105.4,85.84,2.6312
2015-03-05,195.31,113.18,104.83,85.77,2.6413
2015-03-06,193.98,112.83,104.27,86.32,2.6842
2015-03-09,194.48,113.49,103.43,86.14,2.7228
2015-03-10,199.25,113.55,103.48,86.95,2.7407
2015-03-11,199.6,112.68,101.32,86.84,2.7313
2015-03-12,201.08,112.78,101.09,87.41,2.7296
2015-03-13,201.84,113.86,102.08,87.95,2.778
2015-03-16,201.12,113.46,102.93,86.76,2.787
2015-03-17,198.61,113.07,104.03,86.8,2.7452
2015-03-18,197.9,113.0,105.16,86.85,2.7242
2015-03-19,197.51,113.47,106.67,86.36,2.707
2015-03-20,198.91,114.86,105.57,86.5,2.7463
2015-03-23,200.89,114.18,106.44,85.57,2.7444
2015-03-24,203.1,114.74,104.6,85.95,2.8216
2015-03-25,203.84,114.98,104.03,86.3,2.8456
2015-03-26,205.98,112.99,102.18,86.52,2.8516
2015-03-27,204.31,112.55,103.22,88.18,2.8384
2015-03-30,207.31,112.42,104.55,88.43,2.8734
2015-03-31,208.6,112.39,104.38,88.5,2.8669
2015-04-01,207.98,112.74,106.16,88.03,2.8404
2015-04-02,209.22,110.6,105.51,88.25,2.8615
2015-04-03,209.13,110.66,105.68,87.63,2.8637
2015-04-06,211.91,109.96,105.85,88.5,2.9066
2015-04-07,215.68,108.48,104.81,88.09,2.9057
2015-04-08,221.18,109.03,105.27,88.21,2.8094
2015-04-09,217.79,109.8,107.24,89.57,2.8378
2015-04-10,214.34,109.13,106.23,90.39,2.7763
2015-04-13,213.2,110.01,107.15,90.57,2.8297
2015-04-14,213.67,109.62,107.02,91.54,2.894
2015-04-15,215.89,109.7,108.84,91.53,2.8809
2015-04-16,216.75,108.58,109.36,92.1,2.8426
2015-04-17,211.92,110.22,110.09,92.14,2.7971
2015-04-20,211.27,107.5,110.78,91.53,2.8282
2015-04-21,213.35,107.41,111.06,91.85,2.823
2015-04-22,213.99,108.13,109.63,92.52,2.8045
2015-04-23,215.93,106.08,111.1,92.3,2.798
2015-04-24,215.48,105.9,109.7,91.56,2.8708
2015-04-27,215.07,105.83,109.97,91.22,2.8845
2015-04-28,215.61,106.67,110.63,89.62,2.9121
2015-04-29,216.7,107.94,109.78,89.23,2.9412
2015-04-30,217.28,107.54,109.95,88.52,2.9791
2015-05-01,217.66,106.15,111.19,89.91,3.0191
2015-05-04,216.09,107.54,111.19,89.55,2.9953
2015-05-05,217.11,108.79,110.28,88.53,2.9894
2015-05-06,217.49,108.32,107.3,89.14,2.964
2015-05-07,220.38,108.69,106.34,89.04,2.9406
2015-05-08,223.49,109.09,105.77,89.09,2.9829
2015-05-11,224.05,109.69,105.28,89.24,2.9668
2015-05-12,223.18,109.91,104.35,89.4,2.9657
2015-05-13,221.66,111.39,104.74,89.17,2.9429
2015-05-14,222.82,109.58,104.2,89.84,2.9238
2015-05-15,223.1,110.67,104.11,90.22,2.9534
2015-05-18,222.32,111.08,104.8,89.9,2.9394
2015-05-19,222.52,110.86,103.98,89.81,2.9242
2015-05-20,221.05,112.11,103.7,89.19,2.9433
2015-05-21,222.89,109.66,105.86,89.4,2.9628
2015-05-22,221.85,110.88,106.76,89.92,2.9929
2015-05-25,225.05,111.29,105.48,90.39,3.0009
2015-05-26,226.17,110.12,105.43,90.83,2.9401
2015-05-27,227.78,110.58,106.01,90.76,2.9642
2015-05-28,225.06,110.27,107.27,91.88,2.9838
2015-05-29,225.59,113.01,107.45,91.75,3.0223
2015-06-01,227.58,114.99,106.93,91.8,2.9936
2015-06-02,225.22,115.48,106.22,91.59,3.0874
2015-06-03,224.63,114.71,106.89,91.66,3.0439
2015-06-04,224.8,114.09,107.22,91.52,3.0724
2015-06-05,221.42,113.75,106.72,92.96,3.0759
2015-06-08,222.3,113.15,106.55,93.28,3.0598
2015-06-09,224.53,112.2,106.16,92.12,3.0918
2015-06-10,222.44,111.59,106.91,91.84,3.0832
2015-06-11,223.42,111.3,106.23,90.89,2.9998
2015-06-12,220.2,110.77,106.74,91.51,2.9598
2015-06-15,220.19,110.05,107.63,92.49,2.9779
2015-06-16,216.28,109.1,108.15,92.2,3.0608
2015-06-17,219.14,111.77,107.32,92.65,3.0087
2015-06-18,220.24,110.23,108.71,92.53,3.0099
2015-06-19,220.27,109.18,108.04,92.83,3.0646
2015-06-22,218.43,109.64,108.5,94.08,3.0888
2015-06-23,221.69,109.31,107.75,93.85,3.0768
2015-06-24,226.78,109.76,106.01,93.0,3.0266
2015-06-25,222.14,110.6,106.26,93.53,2.9643
2015-06-26,225.37,111.94,106.57,93.92,2.9396
2015-06-29,229.66,112.74,106.51,94.42,2.9284
2015-06-30,230.63,111.7,106.81,95.18,2.8521
2015-07-01,227.61,112.88,106.18,94.72,2.7964
2015-07-02,229.94,111.03,105.46,93.34,2.8083
2015-07-03,229.56,110.91,105.31,94.1,2.7962
2015-07-06,228.08,110.4,107.25,93.83,2.7727
2015-07-07,225.01,109.31,108.1,93.0,2.7608
2015-07-08,226.51,109.93,107.59,92.21,2.7357
2015-07-09,228.65,109.75,108.18,93.02,2.768
2015-07-10,227.13,110.82,107.72,93.17,2.8247
2015-07-13,228.56,109.29,107.28,93.4,2.8976
2015-07-14,225.7,110.17,108.17,94.03,2.9241
2015-07-15,227.86,110.7,107.66,93.57,2.9522
2015-07-16,228.07,110.84,105.99,92.8,3.0063
2015-07-17,227.67,109.38,105.1,92.23,3.0715
2015-07-20,227.5,109.13,105.21,91.48,3.1279
2015-07-21,229.85,107.55,105.36,91.3,3.1756
2015-07-22,231.9,105.46,106.63,90.71,3.1534
2015-07-23,233.39,108.79,105.93,90.76,3.0953
2015-07-24,233.85,109.8,106.68,90.45,3.1299
2015-07-27,234.15,111.69,107.13,90.42,3.1283
2015-07-28,235.89,111.24,107.01,90.88,3.1281
2015-07-29,236.61,111.99,107.88,91.87,3.0967
2015-07-30,238.54,112.74,108.4,92.98,3.0506
2015-07-31,237.8,113.39,107.54,93.09,3.1042
2015-08-03,231.41,113.4,108.66,93.26,3.1235
2015-08-04,234.25,113.17,107.43,92.92,3.0857
2015-08-05,240.22,110.98,107.51,93.65,3.102
2015-08-06,241.53,111.63,107.54,94.77,3.1153
2015-08-07,241.35,112.09,107.99,94.37,3.1367
2015-08-10,241.07,113.29,107.28,94.93,3.2239
2015-08-11,240.84,113.01,107.26,94.72,3.2245
2015-08-12,240.98,114.89,107.14,94.62,3.1772
2015-08-13,238.03,114.41,108.18,94.78,3.1805
2015-08-14,236.73,113.07,107.39,94.51,3.1578
2015-08-17,234.16,114.09,107.48,95.18,3.1806
2015-08-18,234.92,113.6,107.24,94.13,3.1906
2015-08-19,234.22,112.27,105.95,93.66,3.2058
2015-08-20,235.64,112.41,108.69,93.59,3.186
2015-08-21,235.26,113.22,108.63,92.88,3.2037
2015-08-24,238.0,113.49,107.14,93.16,3.1861
2015-08-25,238.68,114.03,108.6,92.12,3.2078
2015-08-26,244.78,118.56,107.53,92.18,3.1982
2015-08-27,239.66,119.49,107.93,91.2,3.1575
2015-08-28,238.01,121.24,108.83,91.12,3.1783
2015-08-31,240.55,119.0,108.19,91.5,3.1534
2015-09-01,247.64,119.42,107.77,93.05,3.2104
2015-09-02,247.04,120.3,107.24,93.84,3.2295
2015-09-03,247.26,119.9,107.13,95.01,3.2496
2015-09-04,246.73,118.92,105.52,95.09,3.2555
2015-09-07,250.58,119.38,104.32,96.64,3.2551
2015-09-08,249.86,119.03,104.2,96.49,3.1651
2015-09-09,251.9,118.38,105.25,96.33,3.2138
2015-09-10,251.09,119.68,105.9,95.42,3.1845
2015-09-11,247.59,121.21,107.67,95.6,3.2232
2015-09-14,248.57,121.56,108.4,96.39,3.2005
2015-09-15,250.09,121.05,107.9,95.95,3.1969
2015-09-16,253.88,121.65,107.79,95.71,3.1902
2015-09-17,253.67,122.62,105.76,95.4,3.1526
2015-09-18,252.0,123.36,104.83,95.18,3.148
2015-09-21,253.71,121.69,103.84,94.78,3.168
2015-09-22,254.5,121.31,104.13,93.84,3.1542
2015-09-23,255.42,121.73,104.79,94.85,3.1085
2015-09-24,255.31,122.46,104.26,93.47,3.0891
2015-09-25,258.79,123.59,103.7,92.83,3.1002
2015-09-28,259.98,124.49,102.22,93.1,3.1451
2015-09-29,265.76,123.17,102.11,93.84,3.1787
2015-09-30,269.24,122.36,102.37,93.71,3.1916
2015-10-01,271.37,120.96,102.83,93.53,3.1556
2015-10-02,266.51,123.05,102.09,93.59,3.192
2015-10-05,268.44,123.27,104.05,93.43,3.1949
2015-10-06,269.83,123.93,105.25,94.07,3.1876
2015-10-07,272.43,125.15,105.17,93.75,3.2245
2015-10-08,275.79,124.78,104.67,93.08,3.2505
2015-10-09,274.65,123.44,104.38,92.77,3.272
2015-10-12,277.33,122.95,104.55,92.86,3.229
2015-10-13,275.68,122.79,104.55,93.75,3.2074
2015-10-14,281.97,124.55,105.05,94.91,3.1443
2015-10-15,277.85,125.59,105.83,94.64,3.1536
2015-10-16,272.47,124.31,107.23,93.63,3.1565
2015-10-19,267.52,125.11,108.42,92.67,3.194
2015-10-20,264.94,125.99,108.33,94.2,3.204
2015-10-21,261.7,124.74,108.75,93.93,3.1918
2015-10-22,267.68,124.62,108.37,94.28,3.2757
2015-10-23,266.8,122.47,107.8,95.68,3.2374
2015-10-26,262.87,122.87,109.78,95.21,3.1878
2015-10-27,266.32,122.51,109.33,95.09,3.1665
2015-10-28,264.66,120.97,111.42,94.7,3.1884
2015-10-29,261.08,120.18,111.08,93.94,3.177
2015-10-30,263.79,120.46,111.37,94.53,3.1621
2015-11-02,265.76,119.85,112.54,95.32,3.1217
2015-11-03,264.56,120.19,112.59,94.0,3.1793
2015-11-04,268.92,120.83,113.03,94.73,3.1575
2015-11-05,269.42,119.89,112.8,94.58,3.1187
2015-11-06,274.52,119.54,112.31,94.73,3.1159
2015-11-09,276.2,122.0,112.16,94.9,3.0877
2015-11-10,281.23,122.15,111.5,93.99,3.081
2015-11-11,281.7,121.19,113.25,93.79,3.1326
2015-11-12,277.94,121.26,113.09,93.11,3.1178
2015-11-13,285.88,119.75,114.97,94.49,3.1178
2015-11-16,284.23,121.05,112.11,96.09,3.1059
2015-11-17,283.7,121.48,112.16,96.17,3.1006
2015-11-18,281.57,122.74,112.77,95.34,3.1331
2015-11-19,281.03,123.81,112.48,96.2,3.1551
2015-11-20,281.92,124.27,113.68,96.09,3.144
2015-11-23,282.67,125.43,114.39,97.39,3.111
2015-11-24,284.91,125.67,114.11,98.87,3.1078
2015-11-25,290.88,124.9,114.61,100.15,3.1409
2015-11-26,290.6,123.7,117.72,99.88,3.1422
2015-11-27,286.67,123.19,118.02,99.15,3.1392
2015-11-30,282.97,120.32,118.38,98.68,3.0737
2015-12-01,280.95,122.42,117.91,98.63,3.1125
2015-12-02,275.78,120.47,118.08,97.97,3.0591
2015-12-03,278.48,120.39,116.68,98.88,3.0142
2015-12-04,277.02,118.91,116.48,99.39,3.0024
2015-12-07,276.16,116.66,119.24,99.39,3.0055
2015-12-08,276.26,116.58,120.47,99.12,3.0089
2015-12-09,272.03,116.26,121.23,99.63,2.9833
2015-12-10,269.49,116.09,122.53,100.69,2.9739
2015-12-11,271.67,116.7,124.75,99.26,2.954
2015-12-14,273.69,116.03,125.48,99.46,2.8923
2015-12-15,272.43,116.46,127.98,99.26,2.8852
2015-12-16,278.19,117.03,129.31,98.72,2.863
2015-12-17,274.21,116.67,129.54,98.49,2.8792
2015-12-18,273.24,116.37,131.68,98.62,2.8759
2015-12-21,272.64,116.97,128.81,100.04,2.9111
2015-12-22,264.24,117.04,128.14,100.11,2.9373
2015-12-23,270.22,117.23,128.49,99.81,2.9709
2015-12-24,271.45,114.64,127.41,98.91,3.0161
2015-12-25,268.36,114.71,127.25,99.52,3.0431
2015-12-28,274.79,115.13,126.5,98.98,3.0389
2015-12-29,276.73,114.99,125.75,98.91,3.0905
2015-12-30,278.19,115.36,129.04,99.47,3.0581
2015-12-31,276.39,117.47,129.83,99.54,3.0586
2016-01-01,276.83,117.57,129.79,99.27,3.0922
2016-01-04,272.19,118.32,131.44,99.16,3.0834
2016-01-05,274.77,117.39,131.17,99.86,3.1118
2016-01-06,273.71,116.45,132.3,99.87,3.0838
2016-01-07,274.24,115.94,132.77,100.08,3.0657
2016-01-08,278.11,114.83,134.85,100.42,3.0877
2016-01-11,279.12,114.83,133.08,100.19,3.1161
2016-01-12,280.06,113.83,134.07,100.47,3.1631
2016-01-13,281.06,113.66,134.25,100.28,3.1623
2016-01-14,278.84,112.13,132.82,101.17,3.1755
2016-01-15,281.61,110.4,134.19,101.58,3.2014
2016-01-18,286.69,109.71,133.12,100.28,3.2214
2016-01-19,289.28,108.62,135.19,100.15,3.1733
2016-01-20,292.32,107.96,135.88,101.01,3.1536
2016-01-21,289.54,107.34,136.8,100.87,3.2106
2016-01-22,286.82,107.0,136.93,100.58,3.1649
2016-01-25,282.28,108.07,138.14,101.36,3.1908
2016-01-26,286.37,109.48,135.75,100.56,3.1764
2016-01-27,285.66,110.25,135.87,100.63,3.2168
2016-01-28,290.34,109.88,135.09,101.1,3.1888
2016-01-29,287.89,111.45,135.48,101.78,3.1926
2016-02-01,286.58,109.86,135.45,101.01,3.1178
2016-02-02,287.01,107.79,136.27,100.09,3.1181
2016-02-03,290.14,108.07,135.22,101.25,3.1605
2016-02-04,290.45,108.08,137.62,100.68,3.1059
2016-02-05,291.26,107.94,140.69,100.64,3.1523
2016-02-08,291.43,107.99,140.44,102.53,3.1273
2016-02-09,292.13,106.33,140.45,102.19,3.1272
2016-02-10,288.57,105.19,140.86,100.53,3.0266
2016-02-11,288.95,106.43,142.58,102.69,3.0679
2016-02-12,288.46,107.48,145.19,103.51,3.0376
2016-02-15,288.39,106.75,143.57,103.81,3.0199
2016-02-16,290.12,108.73,142.77,106.04,2.9757
2016-02-17,288.0,107.64,141.37,106.01,2.9422
2016-02-18,287.84,107.07,139.92,107.2,2.9847
2016-02-19,286.98,107.38,137.8,107.23,2.9683
2016-02-22,288.46,106.18,138.3,107.04,3.0021
2016-02-23,291.15,105.7,136.82,107.57,2.9976
2016-02-24,288.13,105.54,138.8,108.32,3.0119
2016-02-25,290.16,105.15,140.03,109.4,2.9954
2016-02-26,297.16,106.03,138.7,110.42,3.0126
2016-02-29,292.36,106.63,137.38,110.03,3.1095
2016-03-01,289.74,105.54,136.62,109.99,3.1359
2016-03-02,286.97,104.87,138.46,111.64,3.1569
2016-03-03,286.18,105.06,137.38,112.18,3.1408
2016-03-04,291.61,105.0,135.48,112.29,3.181
2016-03-07,291.77,104.23,135.45,113.47,3.2353
2016-03-08,289.59,104.66,135.95,114.7,3.1718
2016-03-09,291.76,105.48,135.14,115.85,3.1215
2016-03-10,289.9,104.86,137.25,115.4,3.2032
2016-03-11,293.73,105.65,137.59,115.1,3.2215
2016-03-14,294.86,104.05,138.21,115.78,3.2285
2016-03-15,299.66,102.49,137.12,116.86,3.2523
2016-03-16,297.54,102.98,137.1,115.83,3.2974
2016-03-17,308.07,102.18,136.92,115.46,3.3312
2016-03-18,311.09,101.23,134.04,115.29,3.3243
2016-03-21,313.53,100.99,134.43,116.2,3.4097
2016-03-22,313.47,100.35,132.2,115.28,3.4122
2016-03-23,311.02,100.67,132.19,117.69,3.3786
2016-03-24,308.1,99.3,130.38,117.8,3.3581
2016-03-25,307.75,98.96,132.92,118.38,3.3548
2016-03-28,305.1,101.97,133.36,120.42,3.3416
2016-03-29,306.2,102.09,134.48,121.02,3.3361
2016-03-30,303.47,100.27,135.68,121.74,3.3507
2016-03-31,305.73,100.84,134.02,121.62,3.2232
2016-04-01,309.19,101.38,131.18,122.08,3.1951
2016-04-04,306.85,102.72,130.8,121.15,3.2337
2016-04-05,311.15,102.87,131.94,121.11,3.2576
2016-04-06,310.43,102.25,132.08,121.18,3.233
2016-04-07,314.65,103.62,133.09,120.31,3.2108
2016-04-08,316.34,104.33,134.3,121.27,3.257
2016-04-11,320.52,102.58,132.45,121.72,3.2493
2016-04-12,317.04,103.32,132.83,120.05,3.2306
2016-04-13,316.79,103.1,135.35,120.81,3.3054
2016-04-14,322.17,104.19,134.65,120.0,3.2927
2016-04-15,320.05,103.83,132.12,120.57,3.3218
2016-04-18,312.86,104.62,131.86,119.87,3.322
2016-04-19,306.17,104.82,131.31,119.59,3.326
2016-04-20,297.71,105.41,131.85,120.0,3.2904
2016-04-21,290.77,105.4,130.77,121.81,3.2599
2016-04-22,289.53,104.99,130.91,120.46,3.3115
2016-04-25,293.88,105.07,128.22,120.19,3.2685
2016-04-26,292.52,105.71,129.28,119.91,3.2813
2016-04-27,293.71,106.13,131.26,120.94,3.2366
2016-04-28,293.46,107.77,132.91,120.76,3.2292
2016-04-29,293.61,108.22,131.05,121.18,3.2297
2016-05-02,293.17,108.88,131.47,122.44,3.169
2016-05-03,292.7,111.07,127.84,123.19,3.2144
2016-05-04,294.36,111.15,128.21,122.84,3.2093
2016-05-05,290.57,111.72,128.15,122.48,3.2583
2016-05-06,294.04,111.09,126.98,122.27,3.2239
2016-05-09,297.24,111.15,127.42,122.45,3.2614
2016-05-10,296.7,112.89,127.61,121.7,3.356
2016-05-11,299.54,113.24,128.77,121.69,3.3668
2016-05-12,297.28,114.81,128.95,122.26,3.3427
2016-05-13,295.6,113.67,129.26,121.87,3.364
2016-05-16,296.24,112.18,126.94,121.46,3.3717
2016-05-17,295.72,112.52,125.58,121.76,3.3653
2016-05-18,294.33,111.08,125.04,122.54,3.3624
2016-05-19,292.21,113.93,125.41,121.34,3.3412
2016-05-20,290.49,115.29,125.43,120.48,3.3602
2016-05-23,293.71,113.95,127.25,121.69,3.3466
2016-05-24,287.43,113.78,126.23,121.71,3.3144
2016-05-25,288.69,113.17,125.97,120.74,3.349
2016-05-26,288.03,113.62,126.3,120.88,3.3443
2016-05-27,290.54,113.57,126.05,122.37,3.4543
2016-05-30,292.35,114.58,126.67,121.84,3.446
2016-05-31,283.39,116.19,126.01,120.99,3.4185
2016-06-01,285.38,115.96,127.74,120.8,3.3981
2016-06-02,286.55,114.69,127.38,122.29,3.4153
2016-06-03,286.73,115.31,128.75,121.72,3.3889
2016-06-06,285.33,115.14,128.74,122.24,3.3399
2016-06-07,288.22,116.4,130.6,123.21,3.4083
2016-06-08,286.98,116.24,128.91,123.82,3.36
2016-06-09,293.13,117.17,129.56,123.53,3.4236
2016-06-10,295.13,117.55,129.06,124.17,3.4315
2016-06-13,302.49,117.35,129.37,124.36,3.39
2016-06-14,299.93,116.86,130.86,125.15,3.4606
2016-06-15,294.13,117.66,129.49,125.55,3.4542
2016-06-16,296.64,120.52,127.9,125.72,3.4148
2016-06-17,299.65,121.49,126.73,124.12,3.4195
2016-06-20,299.88,121.34,127.06,124.75,3.4748
2016-06-21,294.81,122.17,124.84,124.68,3.5055
2016-06-22,293.44,122.31,124.98,122.77,3.5425
2016-06-23,295.62,120.85,123.49,122.76,3.6201
2016-06-24,295.12,121.21,122.19,123.06,3.6316
2016-06-27,294.85,123.01,121.79,122.98,3.6502
2016-06-28,294.38,122.65,122.25,120.77,3.6425
2016-06-29,291.39,121.36,121.55,120.14,3.5816
2016-06-30,289.75,121.93,121.01,119.3,3.5776
2016-07-01,285.22,124.07,120.99,119.04,3.6498
2016-07-04,291.11,125.19,120.7,117.02,3.577
2016-07-05,289.66,126.41,117.71,117.3,3.6373
2016-07-06,291.35,129.2,117.26,117.8,3.6509
2016-07-07,288.1,131.2,117.37,118.34,3.6134
2016-07-08,290.83,132.1,118.62,118.32,3.6184
2016-07-11,284.83,131.85,120.96,118.26,3.6986
2016-07-12,287.93,132.03,121.75,119.19,3.6754
2016-07-13,287.93,131.91,121.87,119.63,3.7127
2016-07-14,295.02,132.99,120.78,119.29,3.7657
2016-07-15,290.8,131.89,120.91,119.59,3.7276
2016-07-18,291.16,133.84,121.83,120.25,3.7583
2016-07-19,292.5,134.04,123.32,121.37,3.7848
2016-07-20,296.73,133.54,122.32,121.83,3.7656
2016-07-21,295.43,134.59,122.62,121.15,3.7989
2016-07-22,295.84,131.98,123.59,120.74,3.7848
2016-07-25,288.85,130.96,125.81,120.97,3.7609
2016-07-26,286.26,130.16,126.14,121.29,3.7078
2016-07-27,287.84,131.18,125.52,122.25,3.7272
2016-07-28,291.58,130.59,124.73,120.57,3.7103
2016-07-29,290.77,132.37,124.33,119.96,3.6877
2016-08-01,297.75,131.82,123.59,118.97,3.6394
2016-08-02,303.87,132.48,124.59,119.97,3.5824
2016-08-03,303.78,131.61,125.88,120.7,3.5508
2016-08-04,295.7,133.06,126.77,121.05,3.5842
2016-08-05,289.91,132.75,128.23,121.82,3.5515
2016-08-08,287.48,133.42,127.7,121.34,3.6157
2016-08-09,291.26,132.81,128.19,121.86,3.6357
2016-08-10,292.4,131.46,127.75,121.96,3.6448
2016-08-11,285.65,131.18,127.83,122.09,3.5947
2016-08-12,285.02,132.56,129.34,122.01,3.6822
2016-08-15,290.4,131.31,129.33,122.93,3.6212
2016-08-16,289.28,129.43,127.1,123.96,3.6467
2016-08-17,286.95,129.07,126.82,122.68,3.7238
2016-08-18,293.83,130.03,125.99,122.24,3.7172
2016-08-19,294.12,128.75,124.23,122.35,3.689
2016-08-22,292.65,128.1,123.33,122.92,3.6904
2016-08-23,293.93,128.33,124.48,121.49,3.7334
2016-08-24,294.1,127.94,126.5,120.69,3.7971
2016-08-25,292.79,128.3,125.94,120.45,3.827
2016-08-26,296.95,129.76,127.17,122.08,3.7805
2016-08-29,300.85,129.8,128.62,121.32,3.7523
2016-08-30,303.85,129.73,127.24,121.0,3.7637
2016-08-31,303.62,130.68,127.22,121.01,3.7087
2016-09-01,307.71,130.62,127.19,120.95,3.7002
2016-09-02,307.66,129.46,127.42,121.13,3.8034
2016-09-05,309.42,128.23,125.54,121.14,3.7577
2016-09-06,313.19,126.9,125.15,121.01,3.8127
2016-09-07,316.2,129.22,126.44,121.3,3.7725
2016-09-08,322.81,129.18,127.98,121.59,3.7593
2016-09-09,324.59,129.89,130.24,121.97,3.7584
2016-09-12,318.58,130.79,129.85,122.37,3.6934
2016-09-13,314.54,129.64,132.19,121.34,3.6909
2016-09-14,319.52,130.42,133.05,121.54,3.7511
2016-09-15,318.45,129.74,131.38,121.71,3.7857
2016-09-16,319.98,127.22,132.35,122.46,3.8199
2016-09-19,317.03,126.97,131.94,123.13,3.7854
2016-09-20,320.77,125.7,132.62,124.61,3.7811
2016-09-21,319.5,125.3,132.51,123.91,3.7926
2016-09-22,324.96,125.72,134.06,123.83,3.8259
2016-09-23,323.13,128.47,134.41,124.07,3.8904
2016-09-26,327.38,127.88,134.08,123.52,3.8463
2016-09-27,330.03,127.69,135.34,123.31,3.9279
2016-09-28,327.47,128.15,135.69,123.01,3.9168
2016-09-29,331.7,128.39,135.19,122.61,3.9073
2016-09-30,328.46,128.21,136.86,124.76,3.8534
2016-10-03,325.54,126.91,136.36,124.74,3.8526
2016-10-04,328.35,125.78,135.57,126.16,3.8443
2016-10-05,326.15,125.57,134.9,125.4,3.7901
2016-10-06,324.09,124.21,133.08,125.71,3.7791
2016-10-07,322.96,123.46,132.41,125.16,3.7869
2016-10-10,319.45,122.01,134.78,125.52,3.7705
2016-10-11,323.38,123.33,133.66,127.15,3.8082
2016-10-12,325.75,121.6,133.7,129.06,3.7639
2016-10-13,325.62,123.82,132.33,129.9,3.8066
2016-10-14,325.35,123.15,131.59,130.4,3.8004
2016-10-17,327.15,121.94,133.52,130.46,3.8197
2016-10-18,333.89,120.59,134.68,130.9,3.7383
2016-10-19,337.34,121.49,133.94,132.31,3.7464
2016-10-20,335.54,122.69,133.97,130.77,3.7458
2016-10-21,338.64,121.72,132.96,130.53,3.7904
2016-10-24,338.32,122.11,132.0,129.64,3.7393
2016-10-25,337.69,121.95,130.89,130.69,3.8033
2016-10-26,345.05,121.68,129.81,129.54,3.7565
2016-10-27,343.55,121.86,130.24,130.41,3.8186
2016-10-28,341.83,122.76,131.0,129.35,3.8475
2016-10-31,334.48,120.56,131.63,128.38,3.8151
2016-11-01,329.33,118.06,131.45,129.89,3.9181
2016-11-02,331.15,118.3,129.8,130.94,3.8646
2016-11-03,328.68,118.23,129.74,130.13,3.859
2016-11-04,330.74,119.01,128.64,128.51,3.8709
2016-11-07,326.71,117.11,129.74,127.67,3.8975
2016-11-08,324.01,116.03,130.45,128.29,3.9105
2016-11-09,326.63,117.75,131.4,128.33,3.9505
2016-11-10,332.22,116.31,130.99,127.49,3.9748
2016-11-11,334.59,116.72,128.8,128.06,3.9787
2016-11-14,339.3,115.85,129.99,129.44,3.9369
2016-11-15,346.06,115.42,131.53,128.41,3.923
2016-11-16,350.3,113.94,129.73,128.39,3.9681
2016-11-17,346.81,115.23,129.92,127.68,3.9153
2016-11-18,346.53,113.18,131.42,128.79,3.9229
2016-11-21,349.16,111.92,130.12,128.95,3.8299
2016-11-22,347.66,110.97,132.34,128.38,3.8004
2016-11-23,349.58,112.22,131.93,126.86,3.7293
2016-11-24,343.52,112.55,130.62,127.58,3.7877
2016-11-25,340.44,113.28,132.35,127.36,3.7079
2016-11-28,342.62,113.27,132.75,127.55,3.6995
2016-11-29,334.17,113.53,131.95,127.43,3.7342
2016-11-30,330.13,114.07,133.08,127.87,3.7639
2016-12-01,330.2,115.76,130.67,126.27,3.8012
2016-12-02,323.95,116.04,132.96,125.56,3.8523
2016-12-05,324.29,114.45,131.96,125.92,3.8766
2016-12-06,321.49,115.71,132.35,127.7,3.918
2016-12-07,320.56,115.82,131.88,128.05,3.9178
2016-12-08,319.74,114.62,132.45,128.04,3.9189
2016-12-09,320.56,114.44,133.59,127.48,3.8393
2016-12-12,318.64,113.39,132.58,126.89,3.8494
2016-12-13,319.09,115.66,133.59,126.74,3.9107
2016-12-14,317.05,115.29,133.25,126.04,3.8781
2016-12-15,319.18,113.14,132.41,126.21,3.8264
2016-12-16,325.5,113.47,132.16,126.27,3.8328
2016-12-19,326.36,112.6,130.94,128.22,3.8877
2016-12-20,327.12,113.99,129.98,128.19,3.9468
2016-12-21,322.95,114.14,131.18,129.31,3.8787
2016-12-22,325.63,112.25,131.02,128.96,3.902
2016-12-23,322.97,111.73,132.47,129.94,3.8737
2016-12-26,320.15,110.59,133.03,132.39,3.889
2016-12-27,322.31,109.81,131.78,131.89,3.7873
2016-12-28,323.1,109.15,129.46,130.82,3.8317
2016-12-29,327.31,107.11,128.65,131.93,3.8159
2016-12-30,332.84,107.32,128.99,132.06,3.8276
2017-01-02,330.94,106.44,129.03,131.88,3.8216
2017-01-03,331.56,105.55,128.05,132.39,3.7768
2017-01-04,338.38,106.32,129.3,132.75,3.8029
2017-01-05,342.24,108.25,127.21,134.07,3.7833
2017-01-06,345.16,107.61,125.74,134.57,3.7544
2017-01-09,350.45,109.48,125.91,134.07,3.7865
2017-01-10,348.19,107.38,128.57,133.04,3.785
2017-01-11,350.85,107.96,129.1,131.41,3.7556
2017-01-12,356.64,107.38,127.91,130.43,3.8004
2017-01-13,363.4,107.31,128.65,131.59,3.7759
2017-01-16,360.24,106.33,129.51,130.26,3.7767
2017-01-17,359.36,105.74,130.69,130.38,3.8124
2017-01-18,361.06,105.43,130.21,131.66,3.8582
2017-01-19,360.02,105.1,129.26,132.32,3.9165
2017-01-20,358.57,105.51,129.43,133.92,3.9975
2017-01-23,361.51,107.87,129.96,134.73,4.0021
2017-01-24,360.2,107.23,131.97,136.4,3.9663
2017-01-25,353.11,107.08,134.62,135.89,4.048
2017-01-26,354.71,105.34,133.72,135.12,4.1186
2017-01-27,353.14,102.87,133.09,137.19,4.1063
2017-01-30,350.37,104.24,133.03,137.62,4.1435
2017-01-31,344.34,102.94,132.75,137.79,4.1272
2017-02-01,348.46,102.23,133.38,137.28,4.0532
2017-02-02,339.9,102.26,134.02,139.01,4.1065
2017-02-03,333.55,103.15,134.38,139.6,4.1261
2017-02-06,332.64,103.47,136.12,140.2,4.1346
2017-02-07,337.44,105.32,135.95,139.59,4.2219
2017-02-08,342.62,105.14,134.63,139.76,4.2976
2017-02-09,338.3,103.35,132.69,139.39,4.2672
2017-02-10,337.75,103.49,131.43,139.36,4.2134
2017-02-13,332.15,103.62,130.16,139.77,4.1211
2017-02-14,336.11,102.83,127.89,139.31,4.1239
2017-02-15,330.66,102.51,128.72,138.5,4.1073
2017-02-16,330.26,101.96,128.97,139.4,4.1277
2017-02-17,334.28,103.65,128.49,138.41,4.1308
2017-02-20,333.57,103.06,127.43,139.94,4.1009
2017-02-21,339.31,101.72,125.57,141.63,4.0835
2017-02-22,336.12,102.0,124.51,140.23,4.0103
2017-02-23,337.66,100.26,126.73,142.0,4.0723
2017-02-24,341.08,100.68,124.13,141.2,4.0487
2017-02-27,340.67,101.07,124.32,142.67,4.0811
2017-02-28,346.21,100.28,125.22,142.12,4.0514
2017-03-01,348.51,99.75,125.41,143.01,4.0573
2017-03-02,342.23,99.2,125.06,141.96,4.0905
2017-03-03,358.08,100.73,126.0,142.71,4.0796
2017-03-06,360.87,101.12,124.71,142.87,4.0423
2017-03-07,361.45,99.98,125.4,144.65,4.1591
2017-03-08,355.91,98.82,127.13,145.54,4.1517
2017-03-09,356.38,98.75,125.91,144.65,4.1827
2017-03-10,354.67,98.75,124.96,145.07,4.1811
2017-03-13,357.41,98.04,125.15,144.41,4.145
2017-03-14,359.06,98.32,126.35,144.68,4.2134
2017-03-15,366.83,98.14,127.98,146.44,4.2358
2017-03-16,367.57,99.16,128.83,148.25,4.2557
2017-03-17,369.86,99.57,128.05,148.52,4.1435
2017-03-20,371.57,99.49,126.73,147.7,4.1603
2017-03-21,371.1,99.63,127.05,147.87,4.205
2017-03-22,370.47,98.81,127.55,150.28,4.2218
2017-03-23,375.27,99.65,126.26,150.21,4.2168
2017-03-24,378.76,100.02,126.35,148.67,4.2802
2017-03-27,376.21,99.63,126.77,147.21,4.2954
2017-03-28,371.64,99.75,128.06,145.98,4.328
2017-03-29,371.51,99.25,126.89,147.26,4.3848
2017-03-30,376.58,101.62,127.58,146.96,4.4405
2017-03-31,376.61,101.2,126.21,146.22,4.3736
2017-04-03,384.3,101.7,125.73,146.69,4.394
2017-04-04,381.08,102.06,125.66,147.84,4.3566
2017-04-05,381.85,101.3,127.5,147.75,4.2554
2017-04-06,371.26,101.32,131.58,146.94,4.2726
2017-04-07,368.9,101.02,131.92,147.26,4.1869
2017-04-10,367.76,101.26,132.57,148.24,4.1661
2017-04-11,370.04,101.52,133.86,146.49,4.0449
2017-04-12,377.44,102.26,132.18,145.03,3.998
2017-04-13,377.74,103.03,133.16,147.3,3.978
2017-04-14,384.17,102.64,131.64,147.85,3.98
2017-04-17,387.22,102.15,133.7,148.33,3.9566
2017-04-18,391.73,101.59,135.57,146.86,3.9153
2017-04-19,389.82,100.77,136.24,145.86,3.8756
2017-04-20,396.14,99.13,135.23,145.64,3.9498
2017-04-21,391.51,99.71,137.41,147.09,3.93
2017-04-24,393.87,99.64,137.77,147.27,3.9277
2017-04-25,389.79,99.45,137.94,145.56,4.0199
2017-04-26,387.67,97.91,138.73,147.32,3.9391
2017-04-27,381.45,96.54,136.53,149.16,3.8448
2017-04-28,379.37,94.28,137.11,150.21,3.8002
2017-05-01,381.03,94.19,138.43,149.05,3.7845
2017-05-02,380.89,94.8,138.9,148.4,3.735
2017-05-03,375.26,95.34,139.12,148.17,3.7353
2017-05-04,381.72,95.28,137.9,148.38,3.7335
2017-05-05,383.34,94.32,138.77,150.46,3.6669
2017-05-08,387.9,94.32,139.06,149.01,3.6761
2017-05-09,391.52,94.33,139.1,148.28,3.6155
2017-05-10,388.74,94.97,138.39,148.33,3.6481
2017-05-11,380.41,95.66,139.54,147.76,3.6599
2017-05-12,376.63,95.43,141.22,147.25,3.7594
2017-05-15,382.05,95.41,141.77,145.68,3.7989
2017-05-16,377.66,96.05,143.01,145.77,3.7916
2017-05-17,381.32,96.47,144.84,145.47,3.8093
2017-05-18,378.83,96.32,147.06,145.71,3.818
2017-05-19,380.68,94.37,147.4,146.77,3.7862
2017-05-22,373.03,93.79,147.13,146.52,3.7226
2017-05-23,378.15,94.54,146.59,146.43,3.774
2017-05-24,378.13,94.69,146.63,146.77,3.8454
2017-05-25,382.1,95.55,147.43,146.32,3.826
2017-05-26,383.08,95.25,148.77,146.58,3.8161
2017-05-29,386.71,95.33,148.2,144.71,3.7959
2017-05-30,386.42,96.05,148.44,143.83,3.8443
2017-05-31,389.85,96.69,147.08,144.42,3.9025
2017-06-01,383.38,97.05,148.88,144.68,3.8639
2017-06-02,378.86,98.06,148.36,145.61,3.8502
2017-06-05,382.14,99.32,148.89,144.2,3.8275
2017-06-06,382.13,100.64,147.91,143.67,3.8394
2017-06-07,381.29,99.09,147.52,143.62,3.877
2017-06-08,380.66,98.64,146.6,143.55,3.9292
2017-06-09,382.99,98.34,149.01,143.35,3.9183
2017-06-12,380.57,98.01,149.55,144.92,3.8744
2017-06-13,382.93,96.52,149.34,144.46,3.9016
2017-06-14,379.12,97.72,148.04,144.15,3.9316
2017-06-15,377.53,96.8,147.22,144.73,3.9173
2017-06-16,381.92,96.9,148.04,145.28,3.9274
2017-06-19,386.74,94.73,150.42,145.46,3.9465
2017-06-20,382.11,94.29,148.43,147.31,3.9907
2017-06-21,385.91,94.07,147.17,147.97,3.9963
2017-06-22,381.54,93.25,146.96,147.75,4.022
2017-06-23,384.88,93.9,146.12,146.72,4.033
2017-06-26,376.83,96.05,143.87,148.1,3.9888
2017-06-27,372.24,95.26,143.93,147.45,4.025
2017-06-28,370.24,94.5,144.98,147.91,4.0321
2017-06-29,369.69,96.08,142.87,147.37,4.0859
2017-06-30,375.86,96.6,143.18,149.74,4.0305
2017-07-03,379.88,96.32,144.52,150.59,3.999
2017-07-04,386.88,95.17,145.89,148.66,4.0171
2017-07-05,392.36,95.84,145.35,149.01,3.9376
2017-07-06,391.26,96.04,148.57,147.51,3.9336
2017-07-07,390.24,97.47,149.39,146.92,3.9149
2017-07-10,395.15,96.67,148.27,147.84,3.8977
2017-07-11,395.49,96.52,149.69,146.45,3.8883
2017-07-12,394.95,96.25,148.14,146.83,3.7879
2017-07-13,389.17,96.06,149.43,146.78,3.7921
2017-07-14,388.85,97.03,147.69,147.63,3.7977
2017-07-17,376.89,97.82,148.82,146.59,3.8482
2017-07-18,375.09,97.23,148.03,147.29,3.9178
2017-07-19,371.09,97.16,149.66,146.92,3.9368
2017-07-20,374.17,96.95,150.74,148.08,3.9832
2017-07-21,372.29,97.78,151.41,148.15,3.8727
2017-07-24,371.05,97.62,151.52,148.9,3.9006
2017-07-25,376.91,96.61,153.11,150.42,3.955
2017-07-26,372.6,96.3,150.56,151.67,3.9989
2017-07-27,374.09,96.26,151.2,151.66,4.0127
2017-07-28,366.28,97.11,151.83,152.48,3.998
2017-07-31,366.8,98.29,152.66,152.49,3.983
2017-08-01,368.66,99.51,153.89,152.99,3.9865
2017-08-02,372.42,99.86,159.4,154.88,4.0094
2017-08-03,368.79,99.38,159.61,153.9,4.0395
2017-08-04,370.27,99.94,160.86,152.55,4.0373
2017-08-07,371.76,99.76,161.12,153.11,3.9793
2017-08-08,371.83,99.18,163.57,152.48,4.0697
2017-08-09,372.61,99.46,160.51,153.89,4.0301
2017-08-10,374.72,99.85,163.13,154.89,3.905
2017-08-11,376.56,100.67,162.12,155.63,3.9748
2017-08-14,372.48,99.82,158.72,155.61,4.0258
2017-08-15,367.61,98.27,157.14,155.08,4.0373
2017-08-16,378.36,98.74,156.91,154.07,4.0872
2017-08-17,386.84,97.84,157.23,153.44,4.1115
2017-08-18,380.93,98.77,157.2,153.42,4.0731
2017-08-21,383.03,97.75,158.45,152.33,4.0812
2017-08-22,385.92,97.21,158.42,153.5,4.0236
2017-08-23,389.38,95.57,158.36,154.24,3.9947
2017-08-24,390.15,97.43,155.22,152.74,3.9557
2017-08-25,386.23,97.01,155.96,149.7,3.9656
2017-08-28,385.58,96.93,157.49,150.94,4.0189
2017-08-29,383.59,96.44,156.9,149.58,3.9903
2017-08-30,384.33,96.22,154.17,146.39,4.0148
2017-08-31,383.31,96.97,152.27,144.6,3.9157
2017-09-01,382.89,97.05,154.72,144.83,3.868
2017-09-04,387.5,97.04,153.87,146.32,3.8952
2017-09-05,393.1,98.12,152.94,147.35,3.9426
2017-09-06,388.02,96.87,151.79,149.0,3.9899
2017-09-07,386.16,97.9,152.8,151.02,4.0439
2017-09-08,382.86,99.38,151.98,153.17,3.9675
2017-09-11,388.36,98.08,150.77,152.11,3.9452
2017-09-12,388.26,98.32,148.67,151.92,3.8272
2017-09-13,394.85,97.12,148.54,151.24,3.8223
2017-09-14,392.87,95.19,149.99,151.34,3.8354
2017-09-15,393.14,94.42,149.81,150.98,3.8221
2017-09-18,387.33,94.88,151.09,151.31,3.7821
2017-09-19,393.25,95.56,151.37,153.44,3.8039
2017-09-20,391.79,95.21,151.61,152.66,3.8306
2017-09-21,385.4,94.43,151.9,153.55,3.839
2017-09-22,382.97,94.03,151.98,152.47,3.8136
2017-09-25,373.24,93.39,153.49,151.04,3.8179
2017-09-26,373.25,92.82,154.23,152.23,3.8241
2017-09-27,373.88,90.72,153.42,152.11,3.8387
2017-09-28,375.25,90.51,153.64,152.23,3.8698
2017-09-29,381.83,90.4,153.56,153.93,3.8708
2017-10-02,380.68,92.27,154.29,152.44,3.8066
2017-10-03,384.33,92.86,154.59,152.56,3.7963
2017-10-04,385.85,92.72,155.22,154.29,3.8156
2017-10-05,385.16,92.78,153.1,153.14,3.7978
2017-10-06,376.34,93.06,153.68,153.47,3.81
2017-10-09,380.56,92.43,155.63,154.58,3.7811
2017-10-10,378.54,90.62,153.69,155.71,3.8449
2017-10-11,378.77,89.98,156.07,156.54,3.8659
2017-10-12,373.5,89.78,156.54,157.73,3.8747
2017-10-13,374.85,89.87,156.26,158.34,3.9124
2017-10-16,375.46,89.25,153.65,159.33,3.9508
2017-10-17,375.73,88.46,155.27,159.83,3.9574
2017-10-18,375.31,88.23,153.88,158.8,4.0076
2017-10-19,379.95,88.26,153.17,158.98,4.0417
2017-10-20,384.29,88.72,153.99,158.89,4.0546
2017-10-23,387.62,88.51,152.54,160.29,4.0571
2017-10-24,402.65,88.86,151.15,160.95,4.0059
2017-10-25,400.08,88.02,149.55,161.63,4.0176
2017-10-26,398.52,88.68,149.42,161.91,4.0286
2017-10-27,394.12,88.62,150.28,162.76,3.9909
2017-10-30,396.23,87.47,150.88,162.15,4.0591
2017-10-31,393.31,87.25,151.5,162.54,4.0613
2017-11-01,381.61,87.33,151.03,161.76,4.0118
2017-11-02,376.54,86.44,151.27,161.4,3.9941
2017-11-03,377.0,87.02,150.31,160.11,3.9945
2017-11-06,381.49,86.74,153.21,162.85,3.9952
2017-11-07,374.97,87.1,153.52,163.65,3.9603
2017-11-08,372.52,86.27,150.74,162.54,3.9644
2017-11-09,372.08,86.51,149.25,162.14,3.898
2017-11-10,369.16,87.1,151.56,162.61,3.8803
2017-11-13,371.54,86.73,149.64,162.13,3.9029
2017-11-14,371.71,86.56,149.06,163.09,3.8738
2017-11-15,373.21,86.08,149.66,163.68,3.9063
2017-11-16,370.3,86.34,148.14,165.15,3.9464
2017-11-17,376.96,86.36,149.67,161.74,3.9207
2017-11-20,377.11,86.75,152.1,162.72,3.8117
2017-11-21,382.83,86.7,150.95,163.06,3.8545
2017-11-22,381.08,85.65,152.6,164.34,3.9197
2017-11-23,383.79,84.58,151.35,163.71,3.8479
2017-11-24,381.0,84.22,149.95,162.86,3.8599
2017-11-27,377.06,84.57,150.33,161.54,3.8774
2017-11-28,374.21,86.39,150.7,162.16,3.8052
2017-11-29,374.16,87.1,149.88,162.42,3.7831
2017-11-30,373.38,86.58,151.11,160.41,3.8429
2017-12-01,380.11,84.93,149.06,159.79,3.8559
2017-12-04,375.34,85.34,147.89,159.81,3.8596
2017-12-05,370.87,85.34,146.42,158.44,3.9166
2017-12-06,378.24,84.36,147.5,158.05,3.8921
2017-12-07,381.01,85.07,148.65,157.97,3.8119
2017-12-08,373.12,85.07,149.62,157.35,3.8774
2017-12-11,375.38,84.73,147.83,155.49,3.8444
2017-12-12,376.54,83.19,148.05,156.88,3.8475
2017-12-13,367.64,83.94,148.72,157.22,3.905
2017-12-14,366.25,83.99,146.49,157.67,3.9218
2017-12-15,366.32,83.79,145.39,157.04,3.9334
2017-12-18,369.52,83.02,146.31,157.29,3.9086
2017-12-19,373.69,82.73,147.31,156.54,3.9398
2017-12-20,374.24,83.7,147.7,156.45,4.0492
2017-12-21,378.8,84.1,148.49,156.65,4.0254
2017-12-22,378.33,85.71,148.97,157.39,3.976
2017-12-25,374.81,86.57,149.21,156.75,3.9948
2017-12-26,371.01,86.85,149.09,155.89,3.9642
2017-12-27,373.45,87.58,147.89,157.4,3.9745
2017-12-28,365.39,87.71,147.58,155.83,3.98
2017-12-29,368.36,86.52,147.05,156.1,4.0081
2018-01-01,363.91,86.02,150.33,156.02,4.0222
2018-01-02,362.58,86.29,150.73,156.87,4.042
2018-01-03,364.8,85.53,150.75,156.41,4.1089
2018-01-04,370.02,85.11,150.45,155.26,4.0661
2018-01-05,362.11,84.11,150.32,155.44,4.0732
2018-01-08,358.96,85.46,149.96,153.92,4.0937
2018-01-09,359.3,84.4,150.76,152.76,4.0392
2018-01-10,357.03,83.57,150.75,152.77,3.9983
2018-01-11,360.67,82.87,151.94,152.95,3.9871
2018-01-12,352.38,83.63,150.98,151.33,3.9663
2018-01-15,353.97,84.52,151.51,152.8,4.0247
2018-01-16,355.82,84.08,152.8,152.8,4.0359
2018-01-17,356.16,84.54,151.17,154.26,4.1854
2018-01-18,360.79,83.82,151.44,155.58,4.1716
2018-01-19,355.93,83.82,151.82,155.69,4.1611
2018-01-22,360.58,85.92,151.37,155.26,4.2804
2018-01-23,357.86,86.69,150.71,153.67,4.257
2018-01-24,360.96,86.65,148.12,154.86,4.376
2018-01-25,359.78,85.58,149.77,156.7,4.2207
2018-01-26,363.26,85.33,148.48,156.94,4.1924
2018-01-29,366.63,84.28,146.78,157.06,4.2688
2018-01-30,360.74,82.55,147.73,156.05,4.3567
2018-01-31,360.25,83.03,145.22,154.91,4.3863
2018-02-01,360.02,83.49,146.58,154.83,4.3578
2018-02-02,359.19,83.65,147.21,156.29,4.3561
2018-02-05,356.26,84.44,148.07,156.02,4.4027
2018-02-06,363.97,83.12,147.87,157.1,4.4253
2018-02-07,364.98,84.23,146.21,157.61,4.482
2018-02-08,371.62,83.37,143.65,157.53,4.4493
2018-02-09,369.37,83.68,145.67,156.61,4.5001
2018-02-12,365.1,84.04,145.05,156.23,4.5763
2018-02-13,365.79,84.91,144.37,154.89,4.7557
2018-02-14,363.61,86.53,146.58,155.93,4.804
2018-02-15,373.74,86.82,145.73,156.57,4.8516
2018-02-16,374.93,86.51,145.44,155.5,4.8096
2018-02-19,380.02,85.61,145.14,154.77,4.7395
2018-02-20,379.2,85.83,144.98,153.32,4.6176
2018-02-21,377.95,85.15,143.59,153.55,4.6499
2018-02-22,377.97,84.07,142.86,154.3,4.7712
2018-02-23,379.65,83.92,144.64,153.34,4.7724
2018-02-26,383.47,84.46,145.71,152.9,4.6386
2018-02-27,383.1,84.22,141.7,153.39,4.656
2018-02-28,380.3,83.39,139.12,151.58,4.6511
2018-03-01,375.87,83.51,139.59,151.9,4.6369
2018-03-02,375.7,82.54,139.47,153.76,4.7428
2018-03-05,378.29,81.37,139.01,155.7,4.8209
2018-03-06,380.41,82.51,140.41,155.62,4.9155
2018-03-07,380.49,82.7,138.09,155.64,4.8763
2018-03-08,378.06,84.27,139.69,156.58,4.905
2018-03-09,378.84,83.11,139.89,157.44,4.848
2018-03-12,381.45,83.94,140.65,159.26,4.9226
2018-03-13,381.45,83.8,141.01,159.65,4.8644
2018-03-14,382.08,85.96,142.17,160.15,4.9462
2018-03-15,381.58,85.79,141.87,160.65,4.9688
2018-03-16,385.72,85.44,141.17,162.79,4.9902
2018-03-19,383.96,85.79,142.24,161.77,4.9122
2018-03-20,384.92,85.95,142.51,163.46,4.9619
2018-03-21,386.8,85.58,140.86,163.91,4.8618
2018-03-22,390.15,86.33,142.69,164.43,4.7969
2018-03-23,396.98,86.9,144.36,163.6,4.7503
2018-03-26,400.19,87.64,146.37,163.73,4.8772
2018-03-27,403.08,87.98,146.51,162.83,4.8909
2018-03-28,396.57,87.4,147.03,159.91,4.8582
2018-03-29,399.47,86.83,146.53,160.37,4.8962
2018-03-30,410.16,87.32,145.21,158.97,5.0455
2018-04-02,406.48,86.56,145.33,159.21,5.0434
2018-04-03,401.96,87.96,145.6,157.86,4.987
2018-04-04,401.15,88.0,144.72,157.61,4.9279
2018-04-05,405.98,87.35,147.28,157.31,4.9317
2018-04-06,408.56,88.22,145.07,155.49,5.0394
2018-04-09,406.52,88.21,143.99,155.68,5.0381
2018-04-10,406.52,89.22,143.11,155.16,5.0307
2018-04-11,411.49,89.4,144.89,152.61,4.9781
2018-04-12,414.8,90.92,144.57,154.86,4.9172
2018-04-13,426.55,90.59,144.16,155.6,4.9862
2018-04-16,431.62,88.75,142.98,156.19,5.014
2018-04-17,433.52,87.49,141.98,156.4,5.0459
2018-04-18,436.73,86.16,140.27,157.56,4.9699
2018-04-19,435.18,86.65,141.65,157.17,5.0103
2018-04-20,430.55,88.15,142.5,158.2,5.0367
2018-04-23,431.56,88.0,143.86,159.5,5.1364
2018-04-24,434.14,86.9,142.99,159.09,5.2093
2018-04-25,427.5,87.47,146.46,159.33,5.2013
2018-04-26,425.14,87.85,145.14,159.69,5.229
2018-04-27,423.53,87.54,142.37,158.14,5.2559
2018-04-30,424.98,87.89,142.01,158.74,5.2565
2018-05-01,423.89,87.9,142.22,158.85,5.2081
2018-05-02,426.21,86.96,143.27,160.48,5.3196
2018-05-03,426.85,87.53,141.93,160.85,5.523
2018-05-04,432.18,87.12,142.75,159.99,5.5741
2018-05-07,424.05,86.35,145.1,160.32,5.7444
2018-05-08,432.26,86.16,143.97,159.87,5.7815
2018-05-09,439.44,87.46,142.99,157.28,5.8175
2018-05-10,439.87,89.1,140.74,157.18,5.8759
2018-05-11,443.3,90.29,141.09,155.83,5.9156
2018-05-14,446.54,89.88,142.26,157.44,6.0473
2018-05-15,442.99,89.02,143.33,157.95,6.1961
2018-05-16,444.0,89.31,144.49,159.1,6.0699
2018-05-17,448.11,89.19,146.46,159.65,6.1933
2018-05-18,449.87,89.31,146.67,159.53,6.2874
2018-05-21,455.44,88.37,148.02,160.47,6.4876
2018-05-22,456.11,87.64,146.73,158.78,6.4847
2018-05-23,456.71,86.76,145.66,159.84,6.5623
2018-05-24,452.93,87.4,146.03,159.8,6.7283
2018-05-25,451.24,88.29,144.93,157.59,6.8719
2018-05-28,449.08,87.73,145.74,157.51,7.0726
2018-05-29,458.03,88.22,147.68,158.32,7.0792
2018-05-30,459.46,88.76,148.27,157.87,7.095
2018-05-31,454.46,88.15,147.27,159.6,7.2198
2018-06-01,456.7,88.17,146.26,161.24,7.1753
2018-06-04,455.89,88.85,148.19,160.64,7.2889
2018-06-05,440.55,88.01,147.11,159.85,7.448
2018-06-06,443.13,89.06,147.26,159.7,7.5566
2018-06-07,435.57,88.9,146.93,159.26,7.5119
2018-06-08,438.61,88.95,147.03,160.23,7.5373
2018-06-11,434.03,88.76,148.59,161.64,7.5862
2018-06-12,427.08,87.53,147.87,162.55,7.7032
2018-06-13,429.65,87.82,145.94,163.5,7.8057
2018-06-14,422.6,87.82,147.99,163.56,7.8448
2018-06-15,420.63,87.49,148.33,163.53,7.7663
2018-06-18,421.77,87.31,149.38,162.82,7.6749
2018-06-19,424.88,87.66,149.38,165.79,7.6591
2018-06-20,428.65,87.55,150.51,167.05,7.6405
2018-06-21,428.65,87.12,152.35,167.92,7.6585
2018-06-22,424.79,87.19,154.36,167.23,7.6354
2018-06-25,434.33,87.82,153.99,165.48,7.6971
2018-06-26,431.53,87.86,153.51,164.68,7.7166
2018-06-27,440.62,87.21,154.12,164.28,7.811
2018-06-28,438.54,87.9,154.45,163.96,7.8874
2018-06-29,444.53,87.66,155.31,164.86,8.0218
2018-07-02,450.13,88.15,154.3,164.51,8.0071
2018-07-03,445.0,88.04,150.98,165.41,7.9995
2018-07-04,446.97,87.26,151.65,166.14,7.9704
2018-07-05,451.0,86.23,152.8,167.11,8.0571
2018-07-06,454.78,85.5,153.77,167.09,8.2075
2018-07-09,453.93,85.32,156.23,168.18,8.4035
2018-07-10,455.67,83.53,157.52,168.5,8.5028
2018-07-11,453.82,83.84,156.98,168.86,8.5716
2018-07-12,448.0,84.72,158.48,168.78,8.7328
2018-07-13,453.21,84.54,158.38,168.75,8.8129
2018-07-16,450.52,83.66,160.3,169.15,8.7927
2018-07-17,457.81,82.36,160.69,170.13,8.9583
2018-07-18,461.13,82.54,161.42,169.36,9.0003
2018-07-19,456.67,82.87,161.8,169.11,8.9281
2018-07-20,456.01,82.92,161.91,169.3,8.9952
2018-07-23,454.72,83.48,159.67,170.83,8.9931
2018-07-24,450.43,82.95,159.79,170.98,9.0765
2018-07-25,453.17,82.76,156.42,171.92,9.086
2018-07-26,450.9,82.98,157.19,173.23,9.1389
2018-07-27,459.5,82.81,158.71,173.39,9.1608
2018-07-30,464.19,83.2,161.84,175.56,9.2364
2018-07-31,459.77,83.6,162.45,174.43,9.391
2018-08-01,459.85,83.39,161.38,172.81,9.5101
2018-08-02,458.85,82.64,159.01,171.48,9.6027
2018-08-03,450.96,82.09,162.0,170.55,9.8159
2018-08-06,455.93,82.95,159.86,169.93,9.7508
2018-08-07,461.05,82.01,161.25,169.7,9.8654
2018-08-08,466.1,82.07,157.8,170.27,10.1023
2018-08-09,463.87,81.3,157.76,169.78,10.2694
2018-08-10,469.72,83.1,158.81,169.21,10.5103
2018-08-13,468.79,82.61,159.33,170.05,10.4954
2018-08-14,473.97,83.12,159.3,169.93,10.7443
2018-08-15,484.01,82.37,158.1,170.32,10.758
2018-08-16,484.97,84.89,156.78,169.88,11.0111
2018-08-17,477.42,83.84,158.31,168.36,11.1523
2018-08-20,475.89,84.12,159.0,168.38,11.3777
2018-08-21,479.55,83.14,158.79,168.32,11.3814
2018-08-22,486.43,83.79,159.13,168.88,11.4626
2018-08-23,480.4,82.81,157.77,168.97,11.3216
2018-08-24,479.56,82.47,159.34,168.02,11.482
2018-08-27,481.02,81.25,161.28,169.97,11.6986
2018-08-28,483.59,80.95,160.13,168.49,11.8672
2018-08-29,488.8,80.95,160.31,166.23,12.1493
2018-08-30,483.76,82.3,161.94,165.48,12.3616
2018-08-31,481.64,80.54,160.99,164.88,12.5067
2018-09-03,487.37,80.96,164.15,165.55,5.6632
2018-09-04,489.73,81.0,166.54,164.89,5.6325
2018-09-05,492.43,80.54,166.14,164.94,5.7018
2018-09-06,498.95,80.39,167.72,165.27,5.7273
2018-09-07,499.74,80.69,170.4,166.17,5.7571
2018-09-10,502.94,80.67,168.45,164.21,5.7546
2018-09-11,501.34,80.64,169.47,164.54,5.7217
2018-09-12,493.95,80.05,169.27,163.07,5.664
2018-09-13,486.94,79.76,168.96,164.46,5.6523
2018-09-14,487.55,80.13,170.13,163.56,5.7082
2018-09-17,486.64,79.44,169.4,162.76,5.5958
2018-09-18,483.23,79.06,167.21,163.42,5.6113
2018-09-19,485.17,79.12,165.01,163.41,5.8634
2018-09-20,480.49,79.37,165.01,163.33,5.8877
2018-09-21,481.29,79.67,166.02,164.21,5.8866
2018-09-24,481.37,79.52,166.02,163.64,5.9245
2018-09-25,477.0,78.01,165.81,162.93,5.9256
2018-09-26,464.91,78.58,165.8,164.2,5.9443
2018-09-27,472.84,79.33,167.86,163.56,5.9674
2018-09-28,474.73,80.24,168.74,163.82,5.9092
2018-10-01,460.79,80.51,167.59,162.36,6.0071
2018-10-02,458.75,81.16,167.17,162.36,6.0354
2018-10-03,460.98,80.94,169.11,162.01,6.1296
2018-10-04,459.97,80.09,168.22,162.51,6.1553
2018-10-05,463.19,79.97,167.63,165.27,6.2479
2018-10-08,458.29,79.79,167.62,162.95,6.266
2018-10-09,459.38,80.54,165.98,161.8,6.513
2018-10-10,459.29,81.16,167.43,161.44,6.6185
2018-10-11,458.52,80.76,164.04,161.64,6.7403
2018-10-12,457.55,80.44,166.33,159.93,6.7518
2018-10-15,458.77,80.41,165.68,159.91,6.6452
2018-10-16,463.83,80.46,163.76,158.95,6.6366
2018-10-17,461.24,81.54,164.23,159.07,6.6943
2018-10-18,459.29,81.16,161.63,157.99,6.7221
2018-10-19,460.31,82.15,162.48,161.35,6.6935
2018-10-22,459.87,81.08,163.71,161.64,6.6506
2018-10-23,462.07,80.56,162.85,162.54,6.5698
2018-10-24,466.03,81.83,162.29,159.77,6.5498
2018-10-25,473.09,82.12,163.78,158.84,6.6145
2018-10-26,472.66,82.19,162.78,158.67,6.6822
2018-10-29,460.79,82.64,162.85,160.74,6.7486
2018-10-30,460.61,82.46,163.41,159.77,6.7482
2018-10-31,462.64,82.5,165.87,160.26,6.778
2018-11-01,461.85,82.66,165.12,159.22,6.7911
2018-11-02,461.23,82.82,165.21,159.1,6.8396
2018-11-05,448.86,83.09,167.02,156.88,6.8767
2018-11-06,451.63,82.63,163.06,154.69,6.9405
2018-11-07,450.15,82.9,162.68,153.83,6.9429
2018-11-08,442.68,82.34,159.8,154.83,6.949
2018-11-09,438.5,82.78,157.08,155.85,7.0774
2018-11-12,434.4,82.64,160.04,155.66,7.1985
2018-11-13,437.58,82.82,160.39,154.21,7.0315
2018-11-14,440.55,83.03,162.69,155.54,7.0712
2018-11-15,448.36,82.44,162.35,155.16,7.1104
2018-11-16,451.84,82.02,163.22,154.14,7.1906
2018-11-19,445.15,81.9,162.58,153.72,7.0187
2018-11-20,438.27,82.23,161.78,153.45,6.8863
2018-11-21,444.1,82.95,161.7,155.47,6.8568
2018-11-22,452.24,82.9,161.92,155.48,6.87
2018-11-23,451.2,82.36,164.32,154.89,6.7818
2018-11-26,454.25,82.54,164.05,154.4,6.8763
2018-11-27,446.74,82.51,164.67,152.64,6.9635
2018-11-28,437.17,83.09,164.3,154.1,7.0205
2018-11-29,431.56,84.03,164.56,153.02,7.0932
2018-11-30,429.99,85.57,162.57,153.19,6.9992
2018-12-03,427.62,84.24,164.28,152.09,6.9894
2018-12-04,426.68,83.86,163.51,151.22,6.8012
2018-12-05,424.48,83.79,163.61,148.8,6.8825
2018-12-06,427.93,84.4,163.31,148.92,6.9786
2018-12-07,435.09,84.92,164.87,151.45,7.0136
2018-12-10,435.44,84.96,165.72,153.54,6.9329
2018-12-11,445.75,85.56,165.77,154.06,6.9378
2018-12-12,442.73,85.11,166.08,155.74,7.0192
2018-12-13,440.28,84.81,166.65,154.87,6.9197
2018-12-14,442.4,85.04,167.88,153.58,6.9403
2018-12-17,440.79,84.18,168.72,154.97,7.0017
2018-12-18,446.89,85.42,170.81,154.23,6.9411
2018-12-19,443.83,84.78,173.48,156.76,6.8977
2018-12-20,450.72,83.87,174.52,158.46,6.9982
2018-12-21,451.89,84.11,172.39,157.14,7.0644
2018-12-24,465.42,82.61,175.3,156.75,7.1875
2018-12-25,463.16,82.27,178.93,156.37,7.214
2018-12-26,462.28,82.13,178.35,157.31,7.1357
2018-12-27,463.22,83.11,177.69,156.9,7.1355
2018-12-28,452.09,85.52,174.3,156.9,7.0873
2018-12-31,455.37,85.65,175.62,155.16,7.0702
2019-01-01,458.04,84.61,173.99,157.1,7.1153
2019-01-02,458.79,84.81,177.06,158.18,7.2481
2019-01-03,451.0,85.33,173.0,158.31,7.2671
2019-01-04,443.34,84.59,173.15,156.45,7.4352
2019-01-07,446.47,84.86,174.29,156.68,7.3268
2019-01-08,452.64,86.12,173.67,160.29,7.3167
2019-01-09,461.08,86.51,172.4,160.83,7.3258
2019-01-10,456.61,85.87,172.84,162.38,7.1512
2019-01-11,451.48,85.42,172.02,159.8,7.022
2019-01-14,450.27,84.11,171.49,159.48,7.0008
2019-01-15,440.47,83.76,171.46,159.23,7.0168
2019-01-16,437.71,83.3,170.6,160.58,7.0595
2019-01-17,442.13,84.39,170.26,159.43,7.073
2019-01-18,450.58,83.17,171.57,160.49,7.0547
2019-01-21,452.19,81.94,170.97,161.85,6.9484
2019-01-22,460.87,82.08,171.27,162.0,6.959
2019-01-23,463.2,82.53,170.09,161.82,7.0993
2019-01-24,464.39,82.1,171.59,162.41,7.1438
2019-01-25,463.67,82.25,169.55,161.18,7.0927
2019-01-28,464.84,82.76,171.13,159.26,7.1115
2019-01-29,463.69,83.33,166.33,157.24,7.1548
2019-01-30,463.13,83.61,164.94,157.45,7.2693
2019-01-31,459.85,84.03,162.51,157.11,7.2301
2019-02-01,461.38,82.81,164.11,156.95,7.2807
2019-02-04,461.64,83.43,164.56,156.28,7.3369
2019-02-05,454.14,83.53,162.57,156.15,7.3186
2019-02-06,453.08,82.88,161.72,158.35,7.318
2019-02-07,448.89,82.57,163.81,157.96,7.2897
2019-02-08,438.76,82.34,163.73,156.86,7.3032
2019-02-11,441.35,81.91,164.62,155.39,7.334
2019-02-12,449.39,81.78,162.3,154.24,7.2375
2019-02-13,461.82,81.47,160.02,154.86,7.2331
2019-02-14,470.26,80.36,160.9,154.57,7.3725
2019-02-15,465.82,81.99,164.45,154.07,7.3798
2019-02-18,472.26,82.28,163.61,153.79,7.2267
2019-02-19,478.48,84.0,164.53,152.09,7.36
2019-02-20,468.0,83.78,163.07,151.01,7.3481
2019-02-21,472.79,85.05,165.0,150.5,7.3712
2019-02-22,476.35,84.94,164.29,149.98,7.426
2019-02-25,477.42,86.19,163.61,150.22,7.3995
2019-02-26,479.17,86.93,160.7,151.17,7.3192
2019-02-27,479.68,87.55,160.06,150.36,7.2645
2019-02-28,488.83,87.39,160.33,150.66,7.2958
2019-03-01,486.8,87.57,162.42,151.03,7.3031
2019-03-04,485.89,88.67,160.62,150.29,7.2868
2019-03-05,486.13,87.01,162.1,150.85,7.4819
2019-03-06,487.84,86.45,161.56,151.9,7.5127
2019-03-07,478.38,85.44,161.1,150.0,7.6078
2019-03-08,486.16,84.7,159.64,150.41,7.8102
2019-03-11,487.6,85.19,157.08,150.82,7.8325
2019-03-12,490.95,85.85,155.26,151.12,7.8053
2019-03-13,492.25,85.69,157.64,149.34,7.7915
2019-03-14,491.4,86.6,155.84,150.42,7.8128
2019-03-15,489.62,86.0,155.17,150.21,7.991
2019-03-18,490.35,85.52,156.77,149.24,8.1032
2019-03-19,491.39,85.62,153.63,147.43,8.0943
2019-03-20,498.07,85.95,154.24,147.84,8.0511
2019-03-21,500.22,85.84,153.45,147.6,8.1342
2019-03-22,499.67,84.98,153.68,146.03,8.3222
2019-03-25,511.25,85.44,154.89,147.79,8.2765
2019-03-26,504.09,86.82,154.62,146.37,8.4465
2019-03-27,496.68,86.52,154.29,147.06,8.4912
2019-03-28,498.88,86.54,155.3,145.95,8.5055
2019-03-29,497.88,85.65,156.19,145.7,8.4937
2019-04-01,488.15,85.65,155.09,146.39,8.4394
2019-04-02,486.62,84.92,154.77,146.08,8.4062
2019-04-03,482.91,85.06,152.77,146.65,8.5438
2019-04-04,489.34,86.31,154.59,146.66,8.4161
2019-04-05,486.09,86.74,152.79,148.33,8.386
2019-04-08,492.11,86.16,153.01,149.15,8.3946
2019-04-09,494.88,86.82,155.51,149.72,8.2944
2019-04-10,493.92,85.42,156.65,148.93,8.2594
2019-04-11,494.24,86.4,156.18,148.49,8.1342
2019-04-12,496.84,86.65,155.07,148.76,8.2064
2019-04-15,484.2,85.79,154.11,150.72,8.2808
2019-04-16,486.19,85.53,155.42,152.48,8.1582
2019-04-17,484.3,84.81,155.89,152.74,8.3064
2019-04-18,494.47,86.42,155.85,154.15,8.2186
2019-04-19,490.8,86.88,159.71,154.39,8.0453
2019-04-22,497.4,86.06,158.43,154.73,7.8875
2019-04-23,483.61,85.52,157.68,154.88,7.9389
2019-04-24,488.29,85.65,157.1,154.61,7.7291
2019-04-25,490.02,85.19,157.4,155.29,7.7274
2019-04-26,488.84,85.38,157.84,159.05,7.7563
2019-04-29,488.36,85.68,157.42,158.81,7.8542
2019-04-30,487.12,84.52,158.5,160.29,7.8299
2019-05-01,489.65,85.0,159.3,161.47,7.9454
2019-05-02,489.1,86.35,158.82,161.63,7.9136
2019-05-03,479.48,86.61,155.16,162.68,8.0066
2019-05-06,478.66,87.11,156.3,162.25,7.9209
2019-05-07,491.14,86.69,154.87,162.53,7.9556
2019-05-08,491.59,86.28,153.88,164.44,7.9324
2019-05-09,493.41,86.52,153.63,166.53,7.9557
2019-05-10,491.16,85.8,151.8,166.62,8.1736
2019-05-13,492.33,84.51,150.59,166.52,8.1802
2019-05-14,493.52,85.17,150.62,164.97,8.1918
2019-05-15,492.25,84.65,150.05,166.02,8.2115
2019-05-16,497.29,84.82,150.42,165.43,8.2509
2019-05-17,492.31,84.91,149.12,164.47,8.0449
2019-05-20,491.78,85.23,148.7,164.84,8.1229
2019-05-21,494.8,85.71,147.13,164.89,8.0
2019-05-22,493.5,86.13,146.64,163.19,7.8176
2019-05-23,486.89,85.89,146.94,164.73,7.8337
2019-05-24,490.18,86.55,146.5,162.72,7.7256
2019-05-27,484.94,86.25,144.44,160.77,7.7531
2019-05-28,482.68,86.54,144.09,161.97,7.8617
2019-05-29,478.36,86.03,144.19,161.64,7.8696
2019-05-30,477.95,86.09,145.65,159.58,7.782
2019-05-31,475.82,85.4,145.5,160.85,7.7973
2019-06-03,473.45,86.52,144.85,161.95,7.995
2019-06-04,477.31,86.79,143.17,161.73,8.0073
2019-06-05,487.14,86.19,145.8,161.64,8.1839
2019-06-06,485.36,84.75,144.41,161.87,8.3342
2019-06-07,488.44,84.17,142.79,162.88,8.2232
2019-06-10,486.67,85.2,142.5,162.72,8.318
2019-06-11,487.41,84.68,139.98,161.36,8.1941
2019-06-12,493.88,85.46,141.33,161.24,8.2554
2019-06-13,494.35,85.28,141.49,160.61,8.3173
2019-06-14,490.0,85.01,142.06,158.64,8.3055
2019-06-17,486.15,84.16,140.67,158.04,8.1568
2019-06-18,482.96,84.38,139.92,156.77,8.1272
2019-06-19,483.07,85.19,140.98,156.89,8.1011
2019-06-20,487.99,85.81,142.12,158.3,8.153
2019-06-21,480.72,86.22,145.9,158.88,8.1521
2019-06-24,475.29,85.37,147.35,162.31,8.2078
2019-06-25,470.52,85.43,144.67,162.85,8.1825
2019-06-26,461.46,84.5,144.72,163.03,8.0318
2019-06-27,468.64,83.81,144.17,161.92,8.0336
2019-06-28,468.63,84.08,145.6,162.98,8.1742
2019-07-01,479.03,83.23,145.42,163.42,8.0959
2019-07-02,471.54,83.58,146.03,161.41,8.002
2019-07-03,478.7,83.31,145.54,160.62,7.8242
2019-07-04,475.1,84.42,146.32,161.42,8.0046
2019-07-05,473.09,84.26,148.3,160.87,7.9085
2019-07-08,468.01,84.62,147.39,161.38,8.0145
2019-07-09,463.18,85.38,144.53,161.66,8.0347
2019-07-10,456.46,85.81,143.08,164.22,8.0273
2019-07-11,457.76,86.28,145.16,162.39,8.0395
2019-07-12,451.17,84.84,145.41,162.2,8.2256
2019-07-15,450.11,85.51,144.96,160.58,8.4005
2019-07-16,450.24,84.17,143.6,159.52,8.4577
2019-07-17,453.84,83.58,144.99,161.92,8.42
2019-07-18,454.54,81.63,145.34,163.09,8.5742
2019-07-19,456.38,81.31,145.14,163.86,8.6514
2019-07-22,459.23,80.74,144.35,163.82,8.6691
2019-07-23,459.32,80.5,144.1,163.9,8.7288
2019-07-24,461.4,79.7,143.62,166.49,8.656
2019-07-25,456.48,79.52,144.35,165.22,8.7389
2019-07-26,452.67,78.91,146.06,166.89,8.717
2019-07-29,462.69,78.71,143.34,168.34,8.6991
2019-07-30,462.82,79.26,141.34,167.23,8.5857
2019-07-31,459.29,77.6,141.17,167.57,8.6023
2019-08-01,466.71,77.5,141.23,166.73,8.6522
2019-08-02,466.07,77.32,139.14,166.84,8.5072
2019-08-05,462.85,76.14,138.28,168.02,8.5456
2019-08-06,455.49,75.77,137.71,168.46,8.5971
2019-08-07,459.71,76.73,137.09,170.11,8.7386
2019-08-08,454.27,76.93,136.45,171.16,8.8646
2019-08-09,451.68,76.46,136.3,168.34,8.8088
2019-08-12,455.17,76.93,137.4,169.45,8.9453
2019-08-13,456.3,77.13,138.32,167.88,9.0069
2019-08-14,456.03,76.14,139.05,164.24,8.9907
2019-08-15,455.11,75.82,139.37,163.88,8.915
2019-08-16,461.24,75.73,138.39,163.27,9.018
2019-08-19,473.24,75.68,137.71,165.93,9.1143
2019-08-20,470.49,75.86,138.58,167.31,9.0711
2019-08-21,473.73,75.81,138.68,168.47,9.1131
2019-08-22,484.39,75.79,139.69,168.62,9.0755
2019-08-23,490.55,75.35,140.0,169.86,8.9988
2019-08-26,486.94,75.04,140.04,169.09,8.9075
2019-08-27,484.76,74.61,140.58,170.62,8.9809
2019-08-28,481.67,74.92,138.5,170.1,9.0211
2019-08-29,476.9,74.78,138.25,169.98,9.0683
2019-08-30,473.73,74.32,137.45,170.43,9.1004
2019-09-02,475.32,74.79,138.51,169.59,9.1139
2019-09-03,472.36,76.46,137.59,173.54,9.2217
2019-09-04,477.26,76.31,137.85,173.91,9.0504
2019-09-05,478.12,77.18,137.24,173.45,9.1448
2019-09-06,476.16,76.75,137.81,172.3,9.028
2019-09-09,481.16,76.86,138.7,171.53,9.0127
2019-09-10,483.1,77.49,138.38,171.55,9.0315
2019-09-11,484.74,78.28,138.46,172.35,9.0402
2019-09-12,490.69,79.84,138.64,170.49,9.095
2019-09-13,494.08,79.46,139.6,169.96,9.0059
2019-09-16,493.67,79.51,139.12,172.42,9.1933
2019-09-17,499.14,80.52,139.11,172.91,9.3193
2019-09-18,501.1,81.51,138.49,173.02,9.3837
2019-09-19,518.15,80.86,137.18,172.59,9.4704
2019-09-20,524.86,80.85,137.35,172.38,9.4325
2019-09-23,531.98,81.62,137.84,172.65,9.2446
2019-09-24,540.04,82.58,136.72,174.58,9.083
2019-09-25,540.74,81.85,138.71,176.47,9.1404
2019-09-26,549.07,82.13,137.66,175.83,8.8663
2019-09-27,549.43,80.43,138.57,174.74,9.0374
2019-09-30,544.49,81.21,138.99,175.49,9.0892
2019-10-01,541.24,82.58,136.7,174.81,8.9935
2019-10-02,544.7,81.74,136.59,176.2,8.9407
2019-10-03,535.36,81.58,134.51,177.79,8.7778
2019-10-04,536.84,80.5,134.3,176.86,8.7707
2019-10-07,532.63,80.16,135.09,174.12,8.8156
2019-10-08,537.2,80.58,137.4,172.37,8.9481
2019-10-09,532.89,81.03,138.35,172.29,8.8182
2019-10-10,544.54,81.35,136.29,170.79,8.936
2019-10-11,549.52,80.29,135.77,171.24,8.9649
2019-10-14,541.88,79.66,137.63,171.55,8.961
2019-10-15,553.02,81.09,137.79,171.65,8.9696
2019-10-16,551.81,81.27,140.04,171.49,9.0141
2019-10-17,547.5,80.95,139.01,170.61,9.2188
2019-10-18,541.39,81.15,138.2,171.42,9.3886
2019-10-21,545.11,80.72,136.37,168.97,9.4866
2019-10-22,554.7,80.85,135.8,169.57,9.409
2019-10-23,551.3,80.27,137.35,172.59,9.3894
2019-10-24,545.31,79.77,136.07,174.33,9.4956
2019-10-25,538.52,78.61,137.07,174.38,9.5436
2019-10-28,547.96,79.93,137.59,174.05,9.4604
2019-10-29,558.66,80.48,138.54,174.6,9.675
2019-10-30,556.68,80.96,138.13,174.46,9.9592
2019-10-31,560.3,81.64,138.08,176.71,10.0289
2019-11-01,560.51,81.55,140.82,175.99,9.9936
2019-11-04,560.34,80.73,139.09,175.78,10.0012
2019-11-05,566.73,81.12,140.01,174.25,9.8881
2019-11-06,569.79,81.66,141.96,175.06,9.7568
2019-11-07,572.15,82.09,142.5,173.01,9.8029
2019-11-08,570.49,81.79,144.67,174.13,9.7826
2019-11-11,576.01,80.64,140.58,174.88,9.8977
2019-11-12,574.4,81.25,140.09,173.24,10.2533
2019-11-13,574.96,81.58,138.47,173.81,10.3195
2019-11-14,576.62,81.54,137.84,173.51,10.3287
2019-11-15,569.04,81.37,137.61,172.82,10.3587
2019-11-18,567.34,81.28,138.15,171.12,10.4233
2019-11-19,565.56,80.86,136.95,169.05,10.6177
2019-11-20,566.43,79.75,137.99,167.24,10.6526
2019-11-21,559.56,79.68,135.86,165.15,10.774
2019-11-22,552.3,79.36,137.01,165.22,10.6549
2019-11-25,562.78,79.61,136.59,163.98,10.5489
2019-11-26,570.44,79.39,134.22,166.66,10.5381
2019-11-27,576.45,79.61,131.88,167.15,10.6681
2019-11-28,588.73,78.72,129.56,168.64,10.5662
2019-11-29,591.78,79.06,128.25,167.79,10.7442
2019-12-02,591.4,80.63,128.28,169.82,10.6414
2019-12-03,594.88,80.56,129.79,169.28,10.6797
2019-12-04,582.57,81.05,130.65,170.59,10.69
2019-12-05,575.59,81.73,128.9,171.07,10.9089
2019-12-06,580.79,82.01,126.01,172.02,10.8022
2019-12-09,581.23,82.21,125.54,170.54,10.7074
2019-12-10,573.1,81.02,123.74,169.36,10.6886
2019-12-11,577.63,80.41,123.42,170.6,10.7983
2019-12-12,584.44,81.6,122.5,171.23,10.9039
2019-12-13,589.11,81.76,125.39,170.5,10.7622
2019-12-16,589.15,81.94,123.24,171.3,10.6772
2019-12-17,583.82,83.46,123.49,171.46,10.5326
2019-12-18,584.76,82.13,125.54,170.74,10.7658
2019-12-19,587.83,82.96,124.93,173.44,10.837
2019-12-20,585.68,83.48,123.87,170.49,10.9372
2019-12-23,589.93,81.97,125.72,170.15,10.6768
2019-12-24,592.28,81.5,123.09,171.31,10.722
2019-12-25,594.75,81.83,120.98,171.88,10.7081
2019-12-26,581.43,81.3,119.44,174.5,10.8486
2019-12-27,588.84,80.73,119.76,175.32,10.6586
2019-12-30,600.7,81.2,120.51,176.04,10.8575
2019-12-31,598.21,81.07,120.23,175.24,10.9657
2020-01-01,588.51,81.22,122.6,177.45,11.0681
2020-01-02,593.02,81.11,122.23,176.69,10.933
2020-01-03,590.13,81.22,122.1,176.27,11.2169
2020-01-06,583.93,81.46,121.61,175.84,11.2786
2020-01-07,592.28,83.19,122.91,176.74,11.3487
2020-01-08,583.29,83.52,122.8,176.0,11.3816
2020-01-09,588.29,82.98,122.23,175.96,11.3715
2020-01-10,580.26,83.29,124.08,175.31,11.4234
2020-01-13,590.19,83.5,125.5,173.05,11.4763
2020-01-14,593.9,86.16,126.6,172.2,11.6577
2020-01-15,592.4,85.03,124.98,174.94,11.7649
2020-01-16,593.64,85.59,123.62,174.46,11.6955
2020-01-17,597.81,85.82,123.24,174.73,11.7539
2020-01-20,603.7,87.08,122.85,178.22,11.9228
2020-01-21,609.63,86.25,122.26,177.21,11.8637
2020-01-22,613.67,85.26,121.92,178.21,11.8827
2020-01-23,610.6,85.56,122.6,179.9,12.0751
2020-01-24,615.46,86.25,121.34,178.65,12.1709
2020-01-27,606.61,86.62,121.56,180.81,12.1297
2020-01-28,613.8,87.15,121.03,182.09,12.2486
2020-01-29,620.16,87.12,120.41,180.5,12.4224
2020-01-30,630.29,87.96,120.02,180.64,12.5591
2020-01-31,626.34,88.08,120.81,179.03,12.62
2020-02-03,627.92,87.67,121.07,182.92,12.9404
2020-02-04,634.31,88.9,120.12,185.93,12.7624
2020-02-05,636.85,88.19,120.45,186.01,12.8468
2020-02-06,634.03,86.88,120.56,185.1,12.9785
2020-02-07,636.49,86.56,120.99,185.78,12.8709
2020-02-10,637.24,86.46,120.66,184.22,12.7851
2020-02-11,644.73,86.42,121.78,183.93,12.7076
2020-02-12,640.41,86.18,122.2,182.43,12.758
2020-02-13,643.13,86.5,120.85,182.12,12.771
2020-02-14,645.53,86.23,119.37,182.74,12.8799
2020-02-17,651.35,85.53,117.77,183.24,13.0997
2020-02-18,651.07,86.68,118.21,184.3,13.0323
2020-02-19,652.27,86.54,117.43,183.63,13.075
2020-02-20,652.01,87.45,117.03,184.91,13.1653
2020-02-21,642.43,87.6,116.95,183.23,12.8816
2020-02-24,632.66,88.02,118.33,181.91,12.87
2020-02-25,620.51,89.32,120.81,182.16,12.6294
2020-02-26,630.59,87.77,120.69,180.38,12.5256
2020-02-27,614.54,88.72,123.0,177.25,12.3985
2020-02-28,596.5,88.78,123.66,176.34,12.5729
2020-03-02,581.31,89.53,125.09,173.15,12.4927
2020-03-03,566.88,89.16,124.78,171.44,12.4059
2020-03-04,557.17,89.17,123.33,169.56,12.5255
2020-03-05,556.34,89.05,123.91,165.09,12.5127
2020-03-06,556.95,88.14,125.46,161.53,12.3179
2020-03-09,548.27,88.1,123.63,158.64,12.4882
2020-03-10,523.05,89.62,123.58,157.28,12.6432
2020-03-11,515.38,90.72,123.86,156.58,12.6013
2020-03-12,497.96,91.93,124.58,154.88,12.3621
2020-03-13,485.37,91.75,123.32,155.82,12.2653
2020-03-16,469.44,91.61,122.69,154.95,12.1355
2020-03-17,462.0,91.23,123.79,151.35,12.3732
2020-03-18,449.09,89.49,125.95,150.26,12.2716
2020-03-19,443.3,89.29,126.1,147.32,12.3888
2020-03-20,435.91,88.67,127.29,144.65,12.5778
2020-03-23,424.95,89.42,127.52,142.55,12.6279
2020-03-24,425.51,90.22,128.06,142.32,12.6814
2020-03-25,432.51,90.6,127.62,143.09,12.8812
2020-03-26,433.23,89.85,127.36,144.33,13.009
2020-03-27,440.33,89.36,126.69,145.96,12.777
2020-03-30,442.8,90.51,126.83,145.76,12.9403
2020-03-31,446.74,90.79,128.19,146.28,12.6074
2020-04-01,453.42,91.67,128.44,148.0,12.509
2020-04-02,462.97,91.3,129.26,147.19,12.6319
2020-04-03,468.38,92.14,128.5,148.74,12.3574
2020-04-06,471.36,91.87,129.4,149.99,12.5135
2020-04-07,477.93,91.46,125.6,150.0,12.8466
2020-04-08,472.28,91.71,123.93,151.82,12.8154
2020-04-09,483.84,91.09,123.55,152.72,12.5395
2020-04-10,479.29,90.12,121.45,153.98,12.788
2020-04-13,486.92,91.3,122.12,156.29,12.6409
2020-04-14,486.5,91.91,122.38,156.63,12.4489
2020-04-15,492.0,91.51,121.34,155.73,12.2772
2020-04-16,494.05,91.5,121.46,155.62,12.1926
2020-04-17,498.46,92.5,119.75,154.78,12.0882
2020-04-20,496.64,92.06,118.74,156.39,12.3619
2020-04-21,487.24,89.99,118.32,156.39,12.2159
2020-04-22,492.13,91.95,116.54,156.29,11.9632
2020-04-23,491.41,90.69,117.72,155.97,11.7287
2020-04-24,490.41,90.3,117.0,157.71,11.656
2020-04-27,488.98,88.46,118.15,158.49,11.8819
2020-04-28,502.75,86.65,118.01,159.85,11.6755
2020-04-29,502.07,86.92,118.37,160.56,11.6372
2020-04-30,506.58,85.86,117.37,160.09,11.7288
2020-05-01,502.56,86.38,117.04,159.41,11.6756
2020-05-04,513.97,86.26,116.59,161.29,11.6285
2020-05-05,513.38,86.13,116.87,161.36,11.5644
2020-05-06,501.03,86.64,118.42,162.61,11.6033
2020-05-07,519.33,87.18,117.81,161.64,11.4903
2020-05-08,515.52,88.31,117.64,161.69,11.6812
2020-05-11,525.88,87.17,118.06,161.42,11.4251
2020-05-12,532.96,86.57,119.05,160.79,11.5464
2020-05-13,539.62,87.13,118.94,161.89,11.6864
2020-05-14,540.9,87.77,118.53,163.36,11.6836
2020-05-15,544.77,87.33,117.9,163.46,11.6324
2020-05-18,555.14,86.33,117.92,166.48,11.7984
2020-05-19,555.98,86.34,118.22,166.86,11.6558
2020-05-20,560.32,83.93,117.47,165.26,11.6167
2020-05-21,569.03,82.62,117.15,166.32,11.4886
2020-05-22,572.36,83.5,118.02,165.12,11.5191
2020-05-25,572.38,82.5,118.01,165.05,11.3877
2020-05-26,584.7,84.11,117.4,165.79,11.294
2020-05-27,589.81,84.21,118.21,167.66,11.3796
2020-05-28,591.81,84.43,119.03,168.78,11.3707
2020-05-29,589.44,86.61,119.74,168.28,11.3989
2020-06-01,585.54,87.36,120.53,170.33,11.6156
2020-06-02,594.31,87.1,120.1,171.08,11.339
2020-06-03,603.59,86.65,120.35,173.17,11.2576
2020-06-04,591.69,86.13,120.74,175.32,11.2565
2020-06-05,590.34,84.47,120.9,175.77,11.4447
2020-06-08,599.63,84.77,118.93,175.25,11.2945
2020-06-09,619.21,84.8,118.93,176.61,11.2751
2020-06-10,637.44,84.25,119.35,177.14,11.345
2020-06-11,647.27,84.95,119.94,177.48,11.1963
2020-06-12,660.46,84.47,119.62,178.1,11.1337
2020-06-15,659.53,83.07,119.68,177.39,11.1315
2020-06-16,668.39,82.21,117.68,176.46,11.0589
2020-06-17,662.09,82.16,116.05,176.18,11.1337
2020-06-18,660.87,82.39,112.86,176.81,11.2514
2020-06-19,666.28,83.85,112.64,176.81,11.1954
2020-06-22,685.93,83.52,114.41,178.08,11.2842
2020-06-23,694.88,83.91,116.34,179.5,11.3453
2020-06-24,700.16,84.7,115.13,180.51,11.3453
2020-06-25,701.92,85.16,115.86,179.57,11.2462
2020-06-26,694.54,85.38,117.27,178.01,11.4675
2020-06-29,702.4,84.45,116.96,177.12,11.3185
2020-06-30,702.71,84.12,114.83,175.96,11.3535
2020-07-01,707.71,85.84,116.41,177.46,11.4697
2020-07-02,703.67,85.96,116.04,178.93,11.1288
2020-07-03,707.71,85.91,115.63,177.12,11.0414
2020-07-06,698.51,84.94,117.55,176.97,10.7952
2020-07-07,705.55,85.12,118.1,177.17,10.7698
2020-07-08,719.27,86.5,119.07,176.39,10.852
2020-07-09,729.89,85.99,120.92,176.37,10.7626
2020-07-10,750.8,85.22,120.78,175.62,10.7716
2020-07-13,756.78,85.15,119.7,175.43,10.8654
2020-07-14,764.36,84.72,120.63,175.8,10.7718
2020-07-15,772.1,84.17,120.67,176.63,10.736
2020-07-16,767.66,85.88,121.57,175.94,10.6037
2020-07-17,789.94,86.48,122.08,177.27,10.6702
2020-07-20,802.2,85.28,121.26,176.52,10.6371
2020-07-21,803.34,85.19,121.34,176.41,10.8265
2020-07-22,798.46,85.89,121.02,176.51,10.9895
2020-07-23,807.08,85.61,120.81,175.65,10.8189
2020-07-24,818.34,86.22,120.83,176.62,10.8464
2020-07-27,823.0,85.25,121.29,176.11,10.8776
2020-07-28,828.13,85.63,121.6,175.24,10.902
2020-07-29,829.74,85.54,120.21,177.83,10.9539
2020-07-30,833.11,85.95,121.0,177.83,10.9287
2020-07-31,849.25,85.86,119.44,177.64,11.059
2020-08-03,863.19,85.28,122.04,179.97,11.1505
2020-08-04,848.97,85.55,121.23,179.74,11.2102
2020-08-05,850.65,85.87,121.24,181.8,11.14
2020-08-06,839.44,86.35,122.86,181.3,11.2991
2020-08-07,827.15,85.19,122.7,180.86,11.1162
2020-08-10,833.0,84.74,121.31,181.91,11.2571
2020-08-11,825.41,84.52,119.76,183.08,11.3447
2020-08-12,796.74,84.24,120.15,184.69,11.2362
2020-08-13,802.91,83.9,120.7,185.65,11.3018
2020-08-14,814.99,83.92,121.72,185.31,11.6306
2020-08-17,834.38,84.95,122.11,184.33,11.6423
2020-08-18,830.97,86.29,121.63,185.13,11.5648
2020-08-19,845.03,87.2,122.25,185.88,11.5974
2020-08-20,820.62,87.6,124.01,186.6,11.6864
2020-08-21,811.29,84.89,123.15,185.68,11.9429
2020-08-24,816.4,84.32,127.47,185.02,11.9235
2020-08-25,821.1,84.7,127.04,187.19,12.0705
2020-08-26,833.82,83.92,128.64,186.67,12.1081
2020-08-27,843.25,84.76,131.04,187.56,12.2954
2020-08-28,842.8,84.19,132.26,187.6,12.3654
2020-08-31,857.88,84.26,132.72,185.25,12.2269
2020-09-01,864.93,83.87,133.72,186.06,12.3436
2020-09-02,882.29,84.03,135.5,184.62,12.5197
2020-09-03,874.62,82.85,132.24,186.9,12.4988
2020-09-04,877.95,82.56,132.9,186.37,12.1986
2020-09-07,874.03,81.85,132.47,185.49,12.0731
2020-09-08,882.41,80.96,131.68,185.22,12.0858
2020-09-09,880.56,79.68,131.9,185.16,12.1947
2020-09-10,878.4,80.37,132.2,184.59,12.1281
2020-09-11,865.63,79.48,132.9,184.11,12.2829
2020-09-14,869.01,79.97,132.23,185.59,12.2147
2020-09-15,880.42,79.81,133.72,185.8,12.0241
2020-09-16,890.89,80.1,131.17,186.85,12.0948
2020-09-17,861.28,80.03,130.03,186.98,12.0044
2020-09-18,845.95,79.93,128.6,187.85,12.202
2020-09-21,865.74,78.92,128.77,186.95,12.37
2020-09-22,864.25,80.86,128.21,189.14,12.3181
2020-09-23,863.13,81.59,128.9,187.87,12.2339
2020-09-24,874.96,82.28,127.98,185.45,12.2732
2020-09-25,877.26,80.51,129.59,183.57,12.4488
2020-09-28,871.33,79.92,130.53,182.21,12.476
2020-09-29,869.61,79.3,129.93,181.81,12.4643
2020-09-30,888.87,79.36,127.9,184.14,12.6338
2020-10-01,875.4,78.78,126.49,182.44,12.7427
2020-10-02,888.77,79.17,124.68,183.4,12.6488
2020-10-05,885.98,79.16,126.17,182.11,12.5579
2020-10-06,883.61,79.68,127.1,183.95,12.2406
2020-10-07,902.83,80.45,125.61,184.73,12.2117
2020-10-08,896.63,79.74,127.9,187.3,12.1629
2020-10-09,905.52,79.2,127.57,186.92,12.2383
2020-10-12,902.15,78.43,124.9,188.03,12.1447
2020-10-13,887.98,78.97,126.21,189.24,12.0888
2020-10-14,886.66,78.81,127.81,188.63,12.0375
2020-10-15,898.84,78.4,127.84,188.5,11.9672
2020-10-16,897.31,77.39,126.79,187.61,11.9288
2020-10-19,903.27,77.56,128.3,186.5,11.8496
2020-10-20,905.57,77.47,127.72,185.63,12.0215
2020-10-21,906.41,77.46,127.72,183.99,12.003
2020-10-22,902.48,77.12,128.32,185.13,12.0629
2020-10-23,904.19,76.0,128.72,184.96,12.1177
2020-10-26,883.94,76.82,128.18,183.7,11.9703
2020-10-27,879.81,76.74,126.95,183.71,11.6897
2020-10-28,862.34,76.84,127.89,184.1,11.5312
2020-10-29,865.32,76.22,125.26,183.6,11.4829
2020-10-30,869.15,77.11,125.68,185.02,11.4832
2020-11-02,861.68,76.43,126.03,184.65,11.2959
2020-11-03,869.89,76.01,126.69,184.81,11.3813
2020-11-04,874.15,75.3,126.27,187.85,11.3343
2020-11-05,877.42,74.44,126.57,187.04,11.4435
2020-11-06,874.17,74.9,127.55,187.06,11.3154
2020-11-09,879.22,74.5,126.32,187.44,10.9322
2020-11-10,890.15,73.7,126.41,185.66,11.0014
2020-11-11,883.86,73.51,126.9,185.04,11.0597
2020-11-12,876.06,73.23,125.42,186.11,11.3594
2020-11-13,888.3,73.17,124.33,188.36,11.369
2020-11-16,865.6,72.7,126.24,187.37,11.4086
2020-11-17,840.62,72.78,127.51,188.01,11.6455
2020-11-18,823.82,71.58,126.65,187.59,11.2645
2020-11-19,825.85,70.89,127.54,186.94,11.0679
2020-11-20,827.61,71.29,128.07,185.23,10.8096
2020-11-23,832.61,71.78,129.81,185.76,10.8496
2020-11-24,833.66,70.52,131.25,182.84,10.8121
2020-11-25,848.66,70.69,128.3,183.7,10.8755
2020-11-26,864.3,70.59,127.97,184.0,10.6657
2020-11-27,876.08,71.28,129.68,184.4,10.5653
2020-11-30,865.02,70.51,131.73,184.09,10.5517
2020-12-01,868.93,70.69,131.0,182.28,10.5184
2020-12-02,860.78,71.18,129.51,180.14,10.4705
2020-12-03,856.25,70.2,129.86,180.28,10.5916
2020-12-04,846.71,69.7,129.1,180.97,10.4883
2020-12-07,847.15,70.25,129.11,181.18,10.4158
2020-12-08,852.73,70.03,127.72,179.91,10.3406
2020-12-09,853.83,70.55,128.68,181.09,10.4056
2020-12-10,842.69,70.59,129.41,184.26,10.2649
2020-12-11,828.56,69.62,130.01,183.67,10.1245
2020-12-14,821.76,69.62,128.69,182.33,9.9939
2020-12-15,814.86,69.82,126.68,181.79,9.7848
2020-12-16,822.47,69.39,125.19,184.24,9.7443
2020-12-17,819.82,70.0,125.81,183.12,9.6528
2020-12-18,818.4,69.07,123.72,182.45,9.4007
2020-12-21,817.27,68.98,124.52,182.22,9.3219
2020-12-22,827.82,68.71,126.65,181.8,9.3097
2020-12-23,843.66,68.12,125.93,182.74,9.4693
2020-12-24,848.09,67.14,125.74,182.11,9.44
2020-12-25,846.04,65.81,126.95,180.47,9.5765
2020-12-28,859.94,65.0,128.08,180.69,9.5812
2020-12-29,864.57,64.83,127.36,180.75,9.717
2020-12-30,860.79,64.43,127.18,183.51,9.5595
2020-12-31,871.06,64.28,127.36,185.21,9.3871
2021-01-01,873.45,64.08,127.08,187.77,9.3446
2021-01-04,859.71,63.75,127.81,187.88,9.2926
2021-01-05,866.18,63.83,128.24,188.51,9.2794
2021-01-06,869.48,64.28,129.87,189.24,9.313
2021-01-07,851.7,63.33,127.82,189.29,9.1676
2021-01-08,831.51,63.42,129.3,187.06,9.175
2021-01-11,833.13,62.4,130.34,187.91,9.0982
2021-01-12,839.94,63.64,130.21,188.25,9.2994
2021-01-13,846.09,63.04,130.76,190.65,9.2635
2021-01-14,833.47,62.75,132.01,192.26,9.1986
2021-01-15,830.52,63.22,132.43,191.57,9.3809
2021-01-18,837.16,63.41,132.16,192.14,9.1909
2021-01-19,823.03,63.92,132.55,190.6,9.3629
2021-01-20,824.16,64.72,131.72,192.36,9.392
2021-01-21,826.48,64.49,130.14,192.14,9.3333
2021-01-22,835.51,65.64,129.1,190.27,9.2771
2021-01-25,812.91,65.2,128.2,187.22,9.2702
2021-01-26,814.57,64.97,128.47,188.37,9.2956
2021-01-27,833.76,65.46,129.48,189.27,9.2049
2021-01-28,828.23,63.99,129.82,187.99,9.2367
2021-01-29,825.59,63.57,131.66,191.33,9.3077
2021-02-01,834.91,63.39,131.59,190.52,9.3003
2021-02-02,828.04,63.84,130.83,192.86,9.4634
2021-02-03,839.31,63.38,129.98,191.86,9.35
2021-02-04,844.8,63.84,128.92,192.24,9.3551
2021-02-05,830.19,63.18,128.59,191.45,9.4573
2021-02-08,831.46,63.72,130.32,194.53,9.5017
2021-02-09,818.15,64.14,128.57,196.02,9.6655
2021-02-10,827.36,63.8,129.29,196.45,9.7706
2021-02-11,812.06,63.6,129.32,197.07,9.6385
2021-02-12,795.87,63.45,130.4,197.34,9.7988
2021-02-15,785.98,63.18,129.88,197.68,9.7273
2021-02-16,779.17,62.81,130.83,195.7,9.8555
2021-02-17,791.19,63.58,130.28,196.4,9.8582
2021-02-18,791.34,63.79,131.13,198.5,9.9897
2021-02-19,794.27,64.03,128.79,197.49,9.7063
2021-02-22,804.33,63.07,129.46,195.6,9.7899
2021-02-23,798.3,63.02,130.45,193.57,9.7708
2021-02-24,793.4,63.63,128.57,192.19,9.9513
2021-02-25,786.12,63.67,129.69,193.66,10.1411
2021-02-26,793.47,63.32,128.38,194.33,10.3105
2021-03-01,808.62,63.23,129.67,192.4,10.2948
2021-03-02,811.32,63.68,129.75,194.51,10.3041
2021-03-03,805.92,63.54,130.68,194.02,10.2033
2021-03-04,801.5,62.26,131.23,194.98,10.1986
2021-03-05,791.77,61.78,129.85,194.5,10.2158
2021-03-08,798.68,61.83,131.86,192.99,10.2854
2021-03-09,789.42,60.9,133.48,193.23,10.4615
2021-03-10,787.46,60.87,132.3,192.68,10.3577
2021-03-11,777.4,61.1,133.12,193.05,10.3859
2021-03-12,761.14,62.36,133.81,193.15,10.4701
2021-03-15,739.82,63.18,133.06,191.45,10.4561
2021-03-16,732.68,63.38,131.87,192.13,10.2523
2021-03-17,734.79,62.3,133.59,191.52,10.2007
2021-03-18,732.44,62.44,133.2,192.26,10.1309
2021-03-19,730.87,61.56,134.47,193.59,9.9949
2021-03-22,722.33,60.92,137.03,194.31,10.0209
2021-03-23,715.03,61.53,137.78,195.69,9.9754
2021-03-24,706.7,61.05,136.76,198.26,9.9458
2021-03-25,708.68,61.4,138.16,197.82,9.9602
2021-03-26,725.61,61.49,136.51,196.89,9.9498
2021-03-29,724.78,62.0,135.47,195.36,10.0126
2021-03-30,713.9,61.86,139.4,196.9,10.0754
2021-03-31,724.56,61.74,138.48,195.62,10.1014
2021-04-01,716.69,62.61,139.07,196.59,10.1498
2021-04-02,721.52,63.0,137.82,198.76,10.2383
2021-04-05,718.19,63.19,137.79,197.5,10.1953
2021-04-06,719.14,63.18,138.18,199.7,10.3223
2021-04-07,747.98,63.49,134.89,198.22,10.4856
2021-04-08,741.96,63.41,134.18,199.35,10.4696
2021-04-09,737.33,63.76,135.15,199.42,10.6404
2021-04-12,740.77,63.69,136.39,197.16,10.7144
2021-04-13,740.88,62.66,136.95,197.1,10.7784
2021-04-14,737.77,61.68,135.85,199.43,11.0129
2021-04-15,732.32,61.28,136.48,199.17,10.8462
2021-04-16,737.53,62.43,135.97,197.37,10.957
2021-04-19,746.89,63.25,135.1,198.81,10.8729
2021-04-20,739.17,63.01,135.22,200.28,10.8998
2021-04-21,729.99,62.52,138.28,198.63,10.6202
2021-04-22,745.59,62.22,137.22,198.84,10.7269
2021-04-23,733.93,62.09,138.7,196.91,10.8791
2021-04-26,740.2,62.8,139.15,194.78,10.746
2021-04-27,744.2,62.46,137.33,195.85,10.9485
2021-04-28,735.24,61.58,136.26,196.98,10.8691
2021-04-29,741.89,61.28,136.15,199.33,10.8456
2021-04-30,732.96,60.58,135.66,200.51,10.6953
2021-05-03,724.25,61.44,136.11,200.24,10.743
2021-05-04,713.21,61.35,134.95,201.96,10.6827
2021-05-05,720.27,61.4,133.77,200.66,10.6445
2021-05-06,716.9,61.37,135.15,200.05,10.639
2021-05-07,726.06,60.24,135.22,200.26,10.4858
2021-05-10,719.71,60.38,134.25,199.6,10.5321
2021-05-11,725.03,60.65,134.35,199.37,10.4764
2021-05-12,736.98,60.41,136.81,198.14,10.6256
2021-05-13,736.56,60.61,136.17,199.57,10.5957
2021-05-14,727.51,60.41,134.37,201.85,10.6362
2021-05-17,724.97,60.34,135.67,203.61,10.6671
2021-05-18,735.67,60.8,138.32,206.59,10.7983
2021-05-19,742.16,60.56,140.08,208.18,10.9596
2021-05-20,739.21,60.85,138.45,209.54,10.9419
2021-05-21,725.02,60.89,135.88,207.51,10.7889
2021-05-24,731.22,60.89,137.61,207.84,10.7567
2021-05-25,745.16,60.6,137.46,205.61,10.6791
2021-05-26,759.52,60.19,138.21,207.36,10.7336
2021-05-27,763.56,60.2,138.06,207.75,10.6686
2021-05-28,762.21,60.88,140.36,207.62,10.683
2021-05-31,755.75,61.1,140.54,207.02,10.6812
2021-06-01,751.15,61.8,140.2,206.01,10.6868
2021-06-02,737.53,61.82,140.47,205.9,10.538
2021-06-03,755.89,60.91,138.96,205.46,10.6476
2021-06-04,755.96,61.59,139.25,206.04,10.5591
2021-06-07,776.99,61.57,139.2,204.09,10.3297
2021-06-08,776.64,62.22,136.51,203.45,10.2089
2021-06-09,762.82,62.67,135.11,205.8,10.1384
2021-06-10,779.4,63.18,133.57,202.79,10.0613
2021-06-11,772.15,63.46,131.66,202.12,10.08
2021-06-14,768.63,61.72,132.16,200.23,9.9871
2021-06-15,783.44,62.21,133.62,200.83,9.9875
2021-06-16,796.82,62.39,134.08,202.0,10.0716
2021-06-17,779.04,62.84,132.25,201.45,9.9452
2021-06-18,779.35,63.39,130.09,200.37,9.847
2021-06-21,770.09,63.59,131.09,200.01,9.998
2021-06-22,775.12,64.0,130.74,201.43,10.0349
2021-06-23,791.53,63.13,130.65,200.28,10.124
2021-06-24,787.21,63.2,129.09,199.88,10.0898
2021-06-25,800.97,63.64,126.66,201.55,10.0734
2021-06-28,792.89,64.04,129.37,199.97,10.0443
2021-06-29,812.99,63.52,128.65,198.03,9.9368
2021-06-30,805.73,62.43,128.43,199.12,10.0543
2021-07-01,801.83,62.09,127.07,201.11,9.905
2021-07-02,804.85,62.12,128.93,202.29,9.8147
2021-07-05,792.48,62.28,128.51,205.92,9.669
2021-07-06,806.85,63.26,128.33,204.37,9.8698
2021-07-07,797.44,64.01,128.39,203.47,9.7549
2021-07-08,803.33,63.57,128.38,204.13,9.8783
2021-07-09,791.99,63.95,130.12,200.67,9.7112
2021-07-12,793.29,63.71,127.9,199.96,9.9367
2021-07-13,793.51,64.2,128.66,203.12,10.2256
2021-07-14,790.33,63.79,127.91,205.1,10.2104
2021-07-15,795.05,64.59,127.41,203.52,10.386
2021-07-16,785.35,64.25,126.67,206.95,10.22
2021-07-19,799.34,64.04,127.17,209.38,10.158
2021-07-20,801.5,63.49,125.63,209.86,10.3048
2021-07-21,776.83,63.99,124.98,209.05,10.3081
2021-07-22,795.02,64.03,125.64,210.24,10.2419
2021-07-23,799.42,64.3,124.95,212.6,10.243
2021-07-26,813.95,64.76,124.37,212.84,10.1667
2021-07-27,812.65,64.25,124.8,211.62,10.0767
2021-07-28,792.38,65.27,124.89,212.56,10.1813
2021-07-29,788.93,65.75,124.48,213.31,9.9464
2021-07-30,778.34,65.91,124.53,210.96,9.8699
2021-08-02,778.31,65.91,123.47,208.82,9.8622
2021-08-03,774.37,65.76,124.46,207.3,9.9617
2021-08-04,776.52,65.44,123.16,208.53,9.9731
2021-08-05,761.44,66.01,121.29,206.73,9.9147
2021-08-06,762.21,66.14,121.76,206.39,9.6467
2021-08-09,758.54,66.14,120.23,206.83,9.9763
2021-08-10,764.32,65.8,119.13,205.3,9.8779
2021-08-11,750.09,65.91,118.86,203.74,9.9511
2021-08-12,746.78,67.2,119.62,202.42,9.7962
2021-08-13,761.25,67.5,119.05,201.99,9.8958
2021-08-16,751.43,66.25,118.53,200.51,9.7252
2021-08-17,758.04,64.83,118.02,203.28,9.6507
2021-08-18,769.87,65.28,118.4,204.05,9.6538
2021-08-19,770.09,64.44,117.79,205.66,9.5073
2021-08-20,779.08,64.63,118.02,204.07,9.5912
2021-08-23,788.64,65.01,119.5,202.51,9.5911
2021-08-24,803.13,65.45,119.21,200.62,9.718
2021-08-25,800.1,66.69,118.74,199.16,9.8159
2021-08-26,799.4,66.45,117.66,200.12,9.7663
2021-08-27,807.04,66.6,116.77,201.85,9.6283
2021-08-30,800.56,66.23,115.37,203.52,9.5863
2021-08-31,801.32,65.43,114.13,204.85,9.7065
2021-09-01,795.31,64.97,113.45,201.61,9.5206
2021-09-02,774.89,65.87,113.76,200.94,9.7308
2021-09-03,778.15,66.8,114.23,201.5,9.6388
2021-09-06,793.63,66.3,113.72,202.62,9.7925
2021-09-07,790.6,66.82,114.01,202.33,9.9402
2021-09-08,791.67,66.72,112.57,202.86,9.9266
2021-09-09,787.93,67.3,114.73,202.7,9.8487
2021-09-10,781.65,66.75,117.39,202.39,9.9354
2021-09-13,783.16,66.96,117.2,203.21,10.0877
2021-09-14,793.07,67.06,117.7,201.94,10.0268
2021-09-15,813.57,66.52,117.76,201.01,10.1718
2021-09-16,821.55,66.19,118.57,201.5,10.2958
2021-09-17,812.97,65.89,117.81,201.91,10.2349
2021-09-20,800.24,65.92,116.08,202.01,10.1007
2021-09-21,812.51,66.98,116.91,203.28,10.1912
2021-09-22,815.75,68.01,115.66,202.47,10.2419
2021-09-23,810.45,69.07,115.99,202.86,10.1576
2021-09-24,801.12,69.49,114.93,204.59,10.142
2021-09-27,794.13,70.15,114.05,203.52,10.4991
2021-09-28,805.63,69.52,115.06,202.96,10.6767
2021-09-29,805.75,69.58,116.77,204.96,10.8428
2021-09-30,793.37,70.34,116.55,204.47,10.8404
2021-10-01,801.58,70.6,116.03,205.52,10.9391
2021-10-04,804.72,70.19,116.3,204.24,11.1876
2021-10-05,802.38,70.54,115.65,203.23,11.1662
2021-10-06,808.25,70.71,113.73,201.35,11.188
2021-10-07,801.02,70.86,113.65,199.33,11.2391
2021-10-08,810.14,70.53,111.23,201.06,11.2721
2021-10-11,797.48,71.01,111.63,200.92,11.452
2021-10-12,789.66,70.93,111.05,199.93,11.4523
2021-10-13,777.74,70.45,111.19,201.36,11.5801
2021-10-14,774.38,70.48,109.61,201.69,11.7259
2021-10-15,768.06,70.89,108.79,202.38,11.8745
2021-10-18,765.22,71.84,109.32,202.57,12.0165
2021-10-19,765.56,72.65,110.68,203.81,11.9271
2021-10-20,770.69,71.48,111.51,201.67,11.8513
2021-10-21,772.28,72.24,111.86,199.47,11.7065
2021-10-22,774.8,72.66,110.64,198.86,11.8408
2021-10-25,789.33,73.02,111.19,199.04,12.0323
2021-10-26,787.26,74.03,111.27,199.1,12.2169
2021-10-27,774.66,75.26,110.89,198.11,12.5614
2021-10-28,783.37,75.77,112.2,198.83,12.6433
2021-10-29,800.17,75.74,111.34,199.3,12.932
2021-11-01,802.19,75.4,113.15,199.17,13.0845
2021-11-02,810.18,75.61,112.41,199.0,13.3484
2021-11-03,804.5,75.94,111.64,200.9,13.3629
2021-11-04,806.52,75.51,111.48,200.52,13.4789
2021-11-05,812.69,76.82,110.05,198.64,13.4761
2021-11-08,816.51,78.01,109.51,197.01,13.4275
2021-11-09,811.85,78.72,109.54,198.51,13.2116
2021-11-10,827.33,80.22,107.74,198.13,13.499
2021-11-11,829.28,80.98,106.85,198.56,13.6898
2021-11-12,838.4,80.78,105.41,199.15,14.3077
2021-11-15,842.6,81.54,104.92,199.15,14.4607
2021-11-16,851.33,83.19,106.0,198.07,14.673
2021-11-17,860.73,83.09,105.51,197.93,14.6384
2021-11-18,858.96,82.17,105.27,198.92,14.9824
2021-11-19,867.46,83.01,105.44,197.58,15.0153
2021-11-22,889.33,81.75,104.29,197.64,15.5541
2021-11-23,910.08,81.05,104.46,197.75,16.1768
2021-11-24,918.36,81.4,103.9,195.94,15.9649
2021-11-25,936.47,81.15,103.21,195.51,15.99
2021-11-26,923.05,82.56,101.51,196.11,15.8994
2021-11-29,938.97,82.64,100.85,196.21,15.9027
2021-11-30,940.14,83.21,101.79,195.01,15.8215
2021-12-01,921.64,84.16,102.9,196.94,16.0528
2021-12-02,923.74,84.27,102.56,196.07,16.4694
2021-12-03,934.39,84.76,102.58,197.32,16.6604
2021-12-06,927.41,83.39,102.12,198.16,17.1149
2021-12-07,948.39,85.08,101.01,198.26,17.3915
2021-12-08,963.39,85.22,99.26,200.37,17.8028
2021-12-09,949.94,85.07,100.82,204.15,18.3205
2021-12-10,961.25,84.63,99.84,205.68,18.3271
2021-12-13,962.85,84.86,99.99,206.56,18.8975
2021-12-14,957.23,84.43,101.42,207.04,18.8939
2021-12-15,954.18,84.65,101.02,207.28,18.8726
2021-12-16,949.75,84.18,100.82,205.17,19.263
2021-12-17,937.12,83.08,101.04,206.49,19.2531
2021-12-20,932.73,82.51,100.66,205.32,19.2051
2021-12-21,940.46,81.9,100.87,201.69,19.5885
2021-12-22,956.17,82.22,100.52,201.9,19.7227
2021-12-23,972.5,82.34,101.58,201.39,19.7851
2021-12-24,966.58,81.96,102.02,199.24,19.8028
2021-12-27,965.68,82.23,100.87,200.5,19.778
2021-12-28,956.7,81.76,99.59,200.87,20.031
2021-12-29,968.32,81.74,98.98,202.58,20.1926
2021-12-30,950.77,81.53,98.39,202.07,20.2385
2021-12-31,936.55,81.86,97.7,201.64,20.9655
2022-01-03,930.2,81.19,98.55,202.16,21.3418
2022-01-04,933.22,81.03,97.87,203.66,21.2297
2022-01-05,930.2,80.96,97.45,204.02,21.5212
2022-01-06,930.92,80.08,97.58,206.69,21.5557
2022-01-07,931.79,80.07,95.76,206.22,21.6336
2022-01-10,934.63,79.98,96.15,205.84,22.3562
2022-01-11,924.1,80.63,96.68,204.9,22.9359
2022-01-12,920.91,79.75,97.97,203.71,23.2475
2022-01-13,927.33,78.61,97.07,201.95,23.7963
2022-01-14,930.65,77.37,96.65,199.83,23.6165
2022-01-17,942.63,77.48,96.84,199.32,24.0603
2022-01-18,935.06,77.04,96.51,200.06,24.5344
2022-01-19,945.1,76.28,95.2,202.5,24.5659
2022-01-20,961.33,76.4,96.03,202.52,24.3157
2022-01-21,960.15,76.97,95.78,200.05,24.7336
2022-01-24,963.44,78.3,96.11,201.35,25.0659
2022-01-25,966.28,79.17,95.15,200.18,25.2883
2022-01-26,972.56,78.64,96.03,201.38,25.5596
2022-01-27,977.23,79.67,95.73,201.72,25.8449
2022-01-28,994.04,79.06,95.1,201.0,26.3892
2022-01-31,1000.24,79.32,95.82,200.5,27.1302
2022-02-01,1010.5,79.85,96.85,199.73,27.2513
2022-02-02,1014.71,78.7,96.01,200.75,27.9538
2022-02-03,1003.19,78.75,96.94,199.69,28.0768
2022-02-04,1008.53,78.77,98.45,199.29,28.1106
2022-02-07,1006.3,80.36,98.71,198.43,28.3004
2022-02-08,999.48,79.85,97.42,197.54,28.7984
2022-02-09,989.79,80.37,97.97,198.69,29.2562
2022-02-10,989.39,80.19,98.98,200.55,29.5313
2022-02-11,982.99,80.2,98.05,200.09,29.447
2022-02-14,1006.39,79.45,99.63,200.38,30.0822
2022-02-15,1025.18,80.14,99.47,201.9,30.2557
2022-02-16,1022.49,81.03,99.38,203.15,30.5341
2022-02-17,1031.15,81.9,100.44,202.45,30.5277
2022-02-18,1045.18,80.54,100.66,203.77,31.4788
2022-02-21,1043.55,79.09,101.88,203.98,31.6215
2022-02-22,1066.08,78.98,101.9,202.09,31.4054
2022-02-23,1077.71,79.78,102.3,201.57,32.0159
2022-02-24,1076.89,80.33,102.35,200.19,32.3086
2022-02-25,1055.56,80.09,102.6,201.08,32.9553
2022-02-28,1044.48,79.52,103.2,202.27,33.6056
2022-03-01,1048.68,80.73,103.7,203.78,33.2216
2022-03-02,1043.89,81.77,103.43,203.49,9.9774
2022-03-03,1044.06,81.16,104.38,202.74,10.2629
2022-03-04,1035.19,81.05,104.32,202.36,10.3286
2022-03-07,1038.51,80.93,105.54,202.47,10.3952
2022-03-08,1033.53,82.48,106.18,201.49,10.5268
2022-03-09,1015.9,82.98,106.12,202.07,10.6901
2022-03-10,1012.37,83.81,105.42,203.53,10.6999
2022-03-11,1006.23,83.06,105.49,200.92,10.82
2022-03-14,989.07,83.23,106.91,202.25,10.9258
2022-03-15,1005.56,83.09,107.13,203.62,10.9638
2022-03-16,1005.09,83.16,108.15,201.76,10.9691
2022-03-17,1001.77,83.42,108.09,208.34,11.0769
2022-03-18,1010.73,83.31,107.8,209.75,11.1328
2022-03-21,1010.19,82.43,107.13,210.33,11.015
2022-03-22,1019.42,83.29,105.21,207.95,10.8505
2022-03-23,1002.84,82.5,105.55,208.3,10.8508
2022-03-24,991.52,81.83,105.61,208.44,10.8455
2022-03-25,998.06,80.37,105.59,209.33,11.0379
2022-03-28,1015.49,80.59,106.39,208.63,11.0415
2022-03-29,1016.24,80.63,105.43,207.05,11.0421
2022-03-30,1019.14,80.08,107.16,205.38,10.9936
2022-03-31,1010.07,79.37,105.72,205.78,11.0256
2022-04-01,1010.13,79.45,105.99,204.65,11.0828
2022-04-04,1002.44,79.17,104.83,205.09,11.235
2022-04-05,1001.02,78.36,104.58,207.67,11.1728
2022-04-06,1009.65,78.64,105.75,205.16,11.2477
2022-04-07,987.42,79.27,104.29,204.77,11.3771
2022-04-08,990.2,79.49,104.49,208.19,11.15
2022-04-11,981.6,80.07,104.61,208.94,11.1936
2022-04-12,974.81,80.21,104.81,211.78,11.0756
2022-04-13,987.87,81.33,105.08,212.07,11.0072
2022-04-14,991.58,81.98,105.9,214.66,10.9754
2022-04-15,1002.53,81.67,106.41,216.4,10.9376
2022-04-18,983.07,82.47,106.81,218.29,10.827
2022-04-19,978.89,82.7,107.73,216.47,10.8524
2022-04-20,974.26,82.26,108.42,218.78,10.9266
2022-04-21,968.15,81.69,108.31,218.95,10.8924
2022-04-22,973.38,81.41,107.08,218.25,10.7539
2022-04-25,983.71,79.88,107.9,219.67,10.6985
2022-04-26,971.83,79.26,107.56,218.79,10.9138
2022-04-27,961.66,78.85,109.26,216.97,10.9942
2022-04-28,948.48,77.66,108.7,217.2,10.9289
2022-04-29,961.28,76.98,107.48,218.98,10.7916
2022-05-02,956.07,76.22,108.65,218.47,10.8249
2022-05-03,955.35,75.08,107.91,219.59,10.8549
2022-05-04,952.14,74.93,106.4,222.0,11.1473
2022-05-05,942.16,75.03,107.61,222.01,10.9428
2022-05-06,946.53,75.22,106.15,221.9,11.0021
2022-05-09,951.03,75.99,107.49,220.77,11.1396
2022-05-10,961.62,75.81,106.54,219.88,11.2887
2022-05-11,959.54,75.42,106.96,219.76,11.1032
2022-05-12,956.7,75.37,107.2,215.69,11.1674
2022-05-13,950.74,76.21,105.38,216.04,11.1858
2022-05-16,967.31,77.31,105.38,219.07,11.236
2022-05-17,978.81,76.86,104.97,219.3,11.2975
2022-05-18,978.75,77.1,105.1,219.42,11.2069
2022-05-19,986.37,76.94,105.64,218.34,11.2783
2022-05-20,980.23,77.3,107.23,219.46,11.1651
2022-05-23,1003.73,75.5,107.0,218.98,10.9693
2022-05-24,997.41,75.15,106.91,222.14,10.8948
2022-05-25,993.52,73.78,109.11,223.0,10.926
2022-05-26,989.75,71.58,109.87,224.04,11.1484
2022-05-27,1009.42,71.79,110.67,224.73,11.0975
2022-05-30,1011.52,71.12,109.09,224.11,11.2985
2022-05-31,1024.44,71.94,107.67,219.88,11.1863
2022-06-01,1023.56,72.43,107.12,219.18,11.103
2022-06-02,1009.98,73.25,106.93,220.41,10.912
2022-06-03,1019.31,73.77,107.44,217.26,10.9022
2022-06-06,1012.49,73.4,110.26,218.05,10.8964
2022-06-07,997.87,73.61,108.97,218.81,11.0024
2022-06-08,993.56,72.52,108.55,219.83,10.9484
2022-06-09,1001.1,71.65,109.21,220.19,10.9671
2022-06-10,1021.74,71.94,109.49,220.66,10.8033
2022-06-13,1006.19,73.12,110.66,220.1,10.7689
2022-06-14,981.8,73.22,110.37,222.1,10.9871
2022-06-15,992.6,72.39,109.44,219.85,10.847
2022-06-16,996.38,72.29,111.63,218.01,10.8457
2022-06-17,990.43,72.66,112.1,216.44,10.9553
2022-06-20,995.53,73.32,110.84,214.99,11.0369
2022-06-21,1004.2,73.38,110.49,216.16,11.005
2022-06-22,1026.61,74.54,110.42,215.76,10.9322
2022-06-23,1025.51,75.26,108.88,217.18,10.7653
2022-06-24,1040.91,75.5,109.68,215.08,10.9261
2022-06-27,1036.0,75.2,109.83,214.38,10.7102
2022-06-28,1030.44,76.88,109.45,213.13,10.6585
2022-06-29,1035.81,76.52,108.77,213.24,10.5006
2022-06-30,1023.21,76.25,110.46,213.6,10.4195
2022-07-01,1008.61,75.55,110.37,213.99,10.2475
2022-07-04,1020.09,75.68,109.55,212.94,10.2252
2022-07-05,998.03,74.39,107.44,215.02,10.3118
2022-07-06,999.71,74.73,106.35,214.5,10.2254
2022-07-07,996.44,73.54,107.03,215.85,10.2071
2022-07-08,992.62,73.94,108.53,218.67,10.2129
2022-07-11,978.13,72.88,107.32,220.92,10.1512
2022-07-12,956.19,71.94,105.25,218.8,10.3532
2022-07-13,949.42,71.35,105.26,221.76,10.2266
2022-07-14,937.33,71.4,105.19,221.49,10.1488
2022-07-15,933.19,71.17,106.03,222.68,10.2501
2022-07-18,934.5,70.42,105.3,222.92,10.2646
2022-07-19,927.04,70.22,105.38,222.95,10.2392
2022-07-20,916.2,70.53,103.53,223.15,10.3769
2022-07-21,919.58,69.26,102.3,224.07,10.1076
2022-07-22,912.03,70.03,101.75,225.56,10.1419
2022-07-25,902.52,69.94,101.3,224.01,10.2954
2022-07-26,899.82,68.13,101.79,221.2,10.1389
2022-07-27,903.1,68.16,102.94,220.46,10.4873
2022-07-28,925.32,67.96,101.55,218.25,10.5346
2022-07-29,942.78,67.6,103.15,216.7,10.5871
2022-08-01,929.74,67.31,102.4,218.62,10.6573
2022-08-02,916.24,66.97,101.97,219.62,10.6736
2022-08-03,917.28,67.39,103.04,218.33,10.9668
2022-08-04,923.46,67.45,100.71,217.27,10.8083
2022-08-05,922.45,67.79,99.32,216.34,10.6965
2022-08-08,945.83,67.59,98.53,215.58,10.7737
2022-08-09,958.91,68.37,98.58,215.18,10.8571
2022-08-10,977.3,68.21,99.58,215.34,10.7235
2022-08-11,973.07,68.54,100.6,216.86,10.8701
2022-08-12,963.6,68.38,99.72,216.45,10.7187
2022-08-15,952.36,68.24,100.42,213.46,10.6395
2022-08-16,951.51,68.77,100.01,213.49,10.5803
2022-08-17,938.4,69.27,101.41,213.17,10.5963
2022-08-18,932.05,69.26,101.13,212.32,10.5745
2022-08-19,927.88,69.3,102.14,213.6,10.615
2022-08-22,938.24,69.02,101.14,210.51,10.7021
2022-08-23,933.59,69.4,101.88,208.68,10.7993
2022-08-24,919.18,69.59,100.56,207.36,10.6759
2022-08-25,914.89,70.11,100.65,209.79,10.6034
2022-08-26,917.21,70.21,99.12,208.27,10.7885
2022-08-29,923.43,70.17,98.98,207.56,10.8756
2022-08-30,914.19,70.69,98.24,208.17,10.9745
2022-08-31,921.29,70.56,97.33,208.27,10.826
2022-09-01,936.27,71.02,97.54,204.8,10.386
2022-09-02,941.85,71.66,98.27,204.89,10.4389
2022-09-05,944.78,72.62,98.37,204.04,10.7375
2022-09-06,940.37,72.71,98.66,204.56,10.4814
2022-09-07,934.25,72.87,99.34,205.86,10.5244
2022-09-08,913.35,73.47,100.49,206.12,10.5453
2022-09-09,920.03,73.54,101.46,204.96,10.2866
2022-09-12,916.71,73.91,101.85,201.16,10.4478
2022-09-13,918.66,74.0,103.8,201.45,10.4795
2022-09-14,924.27,73.96,103.3,202.21,10.3866
2022-09-15,916.42,73.46,104.09,202.58,10.4596
2022-09-16,927.42,73.56,102.97,200.06,10.4327
2022-09-19,928.98,73.96,105.33,198.9,10.5585
2022-09-20,945.26,74.15,105.08,196.27,10.7894
2022-09-21,947.45,73.98,105.24,196.37,10.7571
2022-09-22,951.25,74.17,106.63,195.16,10.8426
2022-09-23,948.69,75.23,106.43,195.54,11.0837
2022-09-26,965.08,75.24,105.59,194.58,10.9166
2022-09-27,942.71,74.81,103.76,192.45,10.9258
2022-09-28,937.41,76.01,103.49,190.41,10.7935
2022-09-29,934.54,75.7,105.51,191.24,10.8986
2022-09-30,918.83,76.79,105.67,192.04,10.7572
2022-10-03,910.95,77.22,107.41,191.34,10.8072
2022-10-04,889.14,76.3,108.26,189.18,10.7473
2022-10-05,891.41,76.22,107.79,187.85,10.7886
2022-10-06,877.67,76.11,106.35,188.35,10.733
2022-10-07,881.71,75.99,106.15,187.61,10.4573
2022-10-10,879.44,75.86,106.77,186.26,10.2453
2022-10-11,871.52,76.39,106.54,187.43,10.3969
2022-10-12,856.64,76.7,106.7,187.69,10.557
2022-10-13,850.37,77.76,107.27,186.34,10.5139
2022-10-14,853.71,77.67,106.89,184.08,10.5492
2022-10-17,852.84,77.69,105.42,186.18,10.4089
2022-10-18,859.65,78.25,105.07,186.95,10.2847
2022-10-19,852.33,78.28,105.62,185.62,10.0839
2022-10-20,868.34,78.06,104.77,185.86,10.0406
2022-10-21,866.35,78.39,103.71,185.4,10.2514
2022-10-24,858.42,77.77,102.7,183.3,10.1008
2022-10-25,871.62,77.04,102.44,183.14,10.2081
2022-10-26,885.49,76.8,102.29,182.46,10.2707
2022-10-27,884.93,77.27,102.2,182.66,10.3447
2022-10-28,880.44,77.96,100.95,181.32,10.1367
2022-10-31,889.92,77.33,100.94,181.7,9.9943
2022-11-01,881.3,77.03,100.3,181.89,10.121
2022-11-02,891.04,77.35,99.37,182.71,9.9029
2022-11-03,877.49,77.62,97.61,181.81,9.8837
2022-11-04,877.01,77.11,96.55,183.58,9.8406
2022-11-07,877.47,77.81,95.95,183.34,9.8259
2022-11-08,889.93,77.68,96.03,186.39,9.9248
2022-11-09,872.0,77.67,96.36,186.8,9.8616
2022-11-10,874.67,77.27,96.35,186.87,9.9828
2022-11-11,873.82,78.13,96.51,185.85,10.0871
2022-11-14,874.2,78.97,95.44,187.35,9.8813
2022-11-15,865.82,78.86,96.12,190.01,9.8877
2022-11-16,853.47,79.82,96.82,190.82,9.8371
2022-11-17,849.34,80.64,97.4,190.49,9.8398
2022-11-18,847.35,81.21,96.91,190.67,9.7475
2022-11-21,861.99,81.25,96.79,192.82,9.7348
2022-11-22,863.42,81.96,96.32,192.3,9.8937
2022-11-23,863.72,81.52,95.09,192.43,9.9077
2022-11-24,870.93,81.19,94.74,191.69,9.7685
2022-11-25,855.5,81.05,93.33,192.62,9.7854
2022-11-28,862.88,81.53,91.74,193.2,9.8629
2022-11-29,872.23,82.55,92.19,193.78,9.6779
2022-11-30,881.59,81.19,92.64,194.19,9.6191
2022-12-01,878.62,81.14,93.34,193.81,9.5643
2022-12-02,866.74,80.6,92.92,194.41,9.6541
2022-12-05,857.46,80.99,92.91,194.04,9.6185
2022-12-06,860.21,80.0,93.34,191.76,9.5983
2022-12-07,865.8,81.34,92.98,192.98,9.655
2022-12-08,878.78,80.93,91.18,191.67,9.7334
2022-12-09,894.42,82.01,93.11,192.96,9.6943
2022-12-12,903.66,81.08,94.18,193.48,9.9429
2022-12-13,904.37,81.47,95.28,194.59,10.013
2022-12-14,907.45,82.72,95.34,194.42,10.1298
2022-12-15,905.39,83.71,94.6,191.53,10.1091
2022-12-16,916.65,82.84,94.66,191.25,10.0755
2022-12-19,923.21,81.95,94.9,189.11,9.944
2022-12-20,925.84,80.77,93.67,190.67,9.6908
2022-12-21,913.12,81.1,93.24,191.47,9.8409
2022-12-22,924.38,79.98,93.73,188.78,9.8399
2022-12-23,908.88,81.35,95.07,189.66,9.7223
2022-12-26,922.03,81.95,95.62,189.55,9.6947
2022-12-27,932.75,83.07,95.26,186.07,9.7922
2022-12-28,916.48,82.69,94.11,185.1,9.8126
2022-12-29,916.34,82.53,95.94,184.3,9.9536
2022-12-30,903.89,82.55,96.06,184.79,9.7777
2023-01-02,902.77,81.47,96.77,184.93,9.7809
2023-01-03,908.83,80.41,96.81,182.14,9.7578
2023-01-04,907.78,80.51,95.61,183.41,9.9294
2023-01-05,894.2,80.19,97.6,182.45,9.997
2023-01-06,897.21,80.12,98.23,183.0,10.0857
2023-01-09,900.21,79.22,99.39,181.88,10.2513
2023-01-10,900.29,79.64,98.67,182.92,10.3372
2023-01-11,890.04,80.62,98.66,182.88,10.1548
2023-01-12,886.86,80.88,99.95,181.38,10.3365
2023-01-13,889.92,80.48,99.63,179.75,10.4244
2023-01-16,888.71,81.06,98.97,180.63,10.4158
2023-01-17,910.62,81.65,97.94,181.32,10.4774
2023-01-18,913.63,81.81,96.7,180.67,10.6966
2023-01-19,911.85,81.07,97.48,181.45,10.8099
2023-01-20,917.22,79.57,97.44,183.39,10.8074
2023-01-23,906.15,80.9,95.8,183.18,10.8928
2023-01-24,910.85,81.22,97.21,181.39,10.7979
2023-01-25,928.07,80.9,98.4,183.09,10.8693
2023-01-26,919.18,80.32,99.5,182.36,10.8743
2023-01-27,922.67,78.52,97.79,182.12,10.9345
2023-01-30,931.1,79.25,97.9,180.13,10.7047
2023-01-31,913.75,79.14,99.12,180.88,10.5222
2023-02-01,931.26,79.3,98.17,181.33,10.8809
2023-02-02,920.66,79.16,97.44,180.48,10.8563
2023-02-03,917.53,79.05,97.24,180.94,10.847
2023-02-06,921.86,79.38,95.41,180.45,10.9257
2023-02-07,919.8,78.36,95.62,179.59,10.9014
2023-02-08,928.58,77.82,96.54,177.42,10.9558
2023-02-09,930.54,78.15,97.16,178.71,10.733
2023-02-10,936.94,78.94,98.56,178.94,10.7402
2023-02-13,938.11,79.17,98.66,181.25,10.7461
2023-02-14,954.28,79.49,98.65,182.93,10.5212
2023-02-15,933.09,78.78,98.49,182.41,10.3406
2023-02-16,937.32,78.24,97.86,183.32,10.4584
2023-02-17,934.5,78.38,96.88,182.19,10.3587
2023-02-20,924.76,78.42,96.22,182.4,10.2712
2023-02-21,916.65,78.23,96.16,184.76,10.3289
2023-02-22,911.09,78.18,95.68,185.16,10.2901
2023-02-23,917.45,76.95,95.79,185.84,10.0285
2023-02-24,908.53,75.77,95.87,184.53,9.9866
2023-02-27,907.21,76.17,96.47,184.23,9.953
2023-02-28,910.41,76.13,96.01,184.01,9.9149
2023-03-01,898.91,75.51,94.17,184.83,10.0627
2023-03-02,910.69,75.66,93.33,183.69,10.117
2023-03-03,936.41,78.13,95.04,182.78,10.0281
2023-03-06,929.65,77.62,95.74,185.47,10.3518
2023-03-07,939.76,77.85,95.38,187.94,10.35
2023-03-08,936.84,77.75,95.21,189.39,10.1678
2023-03-09,942.9,77.28,95.15,188.78,10.108
2023-03-10,941.33,76.67,94.74,187.83,9.9608
2023-03-13,965.59,77.41,94.93,187.53,9.8601
2023-03-14,962.42,76.97,95.57,189.53,9.8582
2023-03-15,971.51,75.65,96.69,190.8,9.7413
2023-03-16,978.62,76.86,96.38,191.99,9.8731
2023-03-17,967.04,76.33,96.13,192.9,9.9061
2023-03-20,944.02,76.82,95.85,194.74,9.8553
2023-03-21,950.62,76.96,95.89,194.51,9.8121
2023-03-22,960.14,76.66,96.88,195.54,9.8066
2023-03-23,954.7,77.86,96.2,193.39,9.8063
2023-03-24,948.24,77.11,98.25,191.75,9.7185
2023-03-27,959.18,77.26,98.79,191.22,9.8092
2023-03-28,968.89,77.53,99.85,192.17,9.6077
2023-03-29,979.83,76.39,99.02,191.7,9.6344
2023-03-30,983.13,75.73,98.69,192.85,9.6783
2023-03-31,974.77,76.26,98.22,193.85,9.7161
2023-04-03,961.78,77.68,98.28,195.15,9.8341
2023-04-04,940.66,78.11,96.43,194.63,9.7414
2023-04-05,940.42,76.34,96.9,196.0,9.8279
2023-04-06,961.49,77.08,95.39,195.7,9.6031
2023-04-07,967.1,75.83,95.76,196.34,9.4956
2023-04-10,966.61,75.12,96.71,192.92,9.3517
2023-04-11,950.46,75.04,96.69,193.84,9.4307
2023-04-12,943.67,75.1,96.56,193.89,9.1761
2023-04-13,944.09,74.93,96.44,195.0,9.2757
2023-04-14,942.09,74.67,96.27,194.92,9.2785
2023-04-17,952.22,76.31,96.55,196.0,9.2136
2023-04-18,950.89,75.19,97.42,197.15,9.0626
2023-04-19,958.8,75.33,98.07,196.19,9.0292
2023-04-20,957.93,76.02,99.52,195.91,9.2841
2023-04-21,956.25,76.46,99.66,192.71,9.0364
2023-04-24,970.39,75.21,99.24,192.94,8.9712
2023-04-25,962.53,76.14,98.87,192.67,9.0205
2023-04-26,959.83,77.03,97.79,194.45,9.0572
2023-04-27,946.24,76.36,97.5,194.95,9.0891
2023-04-28,947.65,75.81,97.03,194.53,9.034
2023-05-01,959.6,76.72,98.76,192.7,9.0232
2023-05-02,967.42,76.79,99.33,193.76,8.8973
2023-05-03,975.89,75.99,101.12,193.32,8.9978
2023-05-04,988.01,76.28,99.4,193.33,8.919
2023-05-05,995.43,75.62,99.78,193.04,8.8494
2023-05-08,1004.43,74.8,100.84,192.21,8.9253
2023-05-09,1009.44,73.25,101.25,192.81,8.8908
2023-05-10,998.73,73.44,100.91,194.6,8.9886
2023-05-11,1005.1,72.8,101.17,193.66,8.9243
2023-05-12,1016.35,72.06,101.37,193.89,8.8364
2023-05-15,1006.52,71.66,101.6,194.61,8.7917
2023-05-16,1009.62,72.13,101.96,194.08,8.7431
2023-05-17,1022.49,71.99,102.98,195.65,8.6896
2023-05-18,1018.58,72.53,103.31,196.63,8.7199
2023-05-19,1003.83,72.38,103.7,196.89,8.741
2023-05-22,1004.93,73.09,103.84,196.76,8.7259
2023-05-23,1023.66,74.2,104.4,195.89,8.7869
2023-05-24,1013.52,74.13,103.83,194.43,8.829
2023-05-25,1012.71,74.01,104.52,195.48,8.9177
2023-05-26,1004.52,72.79,104.33,195.08,8.891
2023-05-29,1000.84,72.35,105.31,196.03,8.8507
2023-05-30,1003.91,73.47,104.86,194.36,8.8461
2023-05-31,1021.26,73.9,104.94,193.7,9.0391
2023-06-01,1013.4,72.7,104.91,196.44,9.2044
2023-06-02,1005.69,71.93,104.05,198.14,9.2325
2023-06-05,996.18,71.42,105.22,198.42,9.1439
2023-06-06,984.3,71.38,105.73,200.03,9.2219
2023-06-07,967.7,71.36,105.91,200.93,9.3842
2023-06-08,958.78,71.26,107.29,202.55,9.5951
2023-06-09,958.01,71.46,107.1,202.07,9.6762
2023-06-12,958.84,71.39,107.23,198.87,9.5451
2023-06-13,972.06,70.91,108.5,198.33,9.4281
2023-06-14,963.43,70.99,111.17,198.37,9.3643
2023-06-15,955.32,69.16,111.41,198.3,9.4981
2023-06-16,947.53,68.47,113.28,200.12,9.4493
2023-06-19,950.02,68.3,113.62,199.19,9.5142
2023-06-20,948.69,68.64,112.93,199.6,9.3481
2023-06-21,957.46,68.95,113.62,197.87,9.4425
2023-06-22,949.31,69.72,115.11,199.47,9.5012
2023-06-23,959.57,70.43,115.48,197.79,9.4211
2023-06-26,970.27,70.5,116.15,200.01,9.3961
2023-06-27,967.77,70.53,115.13,201.2,9.3438
2023-06-28,961.34,70.83,112.85,199.23,9.3702
2023-06-29,963.7,70.42,113.24,200.32,9.325
2023-06-30,955.47,70.05,111.85,203.11,9.2342
2023-07-03,977.69,70.12,111.89,202.91,9.2055
2023-07-04,979.64,69.33,111.29,204.23,9.1318
2023-07-05,988.88,69.38,111.53,204.3,9.1713
2023-07-06,975.16,69.48,112.5,204.97,9.1288
2023-07-07,956.37,70.37,110.79,206.38,9.041
2023-07-10,964.23,69.47,110.67,209.07,8.9549
2023-07-11,970.27,69.01,110.55,213.24,8.9006
2023-07-12,962.32,69.73,111.98,211.31,8.8909
2023-07-13,956.54,69.27,112.07,210.0,8.8735
2023-07-14,949.57,69.39,111.23,209.84,8.7603
2023-07-17,952.4,68.85,110.64,210.48,8.71
2023-07-18,962.81,69.63,112.54,209.6,8.6997
2023-07-19,946.47,68.68,111.62,211.86,8.7762
2023-07-20,952.0,68.26,111.69,210.11,8.9068
2023-07-21,942.99,67.67,111.99,207.58,8.9214
2023-07-24,937.7,68.38,110.8,208.09,9.059
2023-07-25,936.36,68.37,109.96,205.37,9.2388
2023-07-26,922.39,67.14,107.95,206.15,9.3001
2023-07-27,952.99,68.13,107.05,206.1,9.519
2023-07-28,979.95,67.08,107.73,203.56,9.3532
2023-07-31,988.74,67.14,107.96,202.73,9.3865
2023-08-01,996.51,67.63,106.07,203.38,9.3622
2023-08-02,985.18,67.19,107.53,205.05,9.3176
2023-08-03,1012.5,66.65,106.21,206.46,9.2217
2023-08-04,1013.12,65.74,105.28,205.76,9.1235
2023-08-07,1012.1,64.65,106.9,205.76,9.151
2023-08-08,1026.42,66.14,107.39,204.27,9.0666
2023-08-09,1029.87,66.72,107.34,207.44,9.0631
2023-08-10,1021.24,67.44,108.88,206.88,8.9684
2023-08-11,1019.12,66.24,108.82,208.23,9.2189
2023-08-14,1015.18,65.8,109.2,209.96,9.2411
2023-08-15,1016.33,64.85,108.64,208.6,9.133
2023-08-16,1023.15,65.23,108.54,209.6,8.9539
2023-08-17,1029.75,66.27,108.49,211.18,8.6881
2023-08-18,1045.47,65.77,109.64,213.51,8.5872
2023-08-21,1045.84,65.22,109.01,214.83,8.6667
2023-08-22,1057.68,65.99,108.83,217.94,8.5981
2023-08-23,1078.78,65.19,106.65,219.98,8.5397
2023-08-24,1064.31,65.5,104.96,219.11,8.6389
2023-08-25,1073.37,65.09,105.67,220.16,8.6042
2023-08-28,1060.82,65.48,105.3,218.37,8.6178
2023-08-29,1043.26,65.09,104.97,215.22,8.5901
2023-08-30,1062.59,64.04,105.58,218.31,8.6481
2023-08-31,1076.79,64.07,105.26,218.73,8.6454
2023-09-01,1083.63,63.08,105.37,218.34,8.5629
2023-09-04,1078.21,63.28,105.1,218.87,8.5052
2023-09-05,1097.19,64.36,103.13,220.28,8.6111
2023-09-06,1080.74,65.09,103.73,217.95,8.68
2023-09-07,1081.99,64.16,105.19,219.94,8.7439
2023-09-08,1088.4,63.1,106.36,220.48,8.922
2023-09-11,1104.83,61.49,106.43,221.32,8.8602
2023-09-12,1086.31,60.81,106.69,222.94,8.9529
2023-09-13,1049.63,59.87,107.07,223.48,8.7627
2023-09-14,1051.42,59.24,108.59,222.37,8.7932
2023-09-15,1055.63,60.28,109.81,220.87,8.7411
2023-09-18,1058.13,60.43,109.44,223.46,8.7374
2023-09-19,1048.07,60.43,109.29,224.18,8.6837
2023-09-20,1047.97,59.96,109.07,223.58,8.8779
2023-09-21,1030.23,59.97,108.46,222.54,8.8855
2023-09-22,1035.57,60.2,107.81,223.63,9.0057
2023-09-25,1046.52,60.22,107.65,226.21,8.9548
2023-09-26,1038.28,60.66,105.21,227.51,8.9841
2023-09-27,1015.36,61.15,105.54,227.48,8.9607
2023-09-28,1014.26,60.69,105.04,227.01,8.8852
2023-09-29,1012.39,60.02,103.8,230.92,8.8698
2023-10-02,1011.86,89.37,103.57,226.32,8.9401
2023-10-03,1027.34,88.17,102.79,225.33,9.1147
2023-10-04,1029.36,88.48,103.9,224.84,9.134
2023-10-05,1054.4,88.72,102.77,223.14,9.0067
2023-10-06,1059.38,90.13,102.78,223.38,9.1416
2023-10-09,1046.81,89.51,103.06,225.83,9.1026
2023-10-10,1060.78,88.28,102.19,226.37,9.1856
2023-10-11,1060.11,89.57,100.96,223.73,9.076
2023-10-12,1054.67,88.83,101.26,221.39,9.0942
2023-10-13,1058.44,86.87,100.82,221.1,9.1465
2023-10-16,1060.24,85.79,99.88,222.31,9.1614
2023-10-17,1042.08,85.76,98.49,223.82,9.2783
2023-10-18,1032.5,86.77,99.0,222.49,9.1926
2023-10-19,1046.49,87.19,100.34,223.6,9.3432
2023-10-20,1048.99,87.11,99.79,222.61,9.206
2023-10-23,1057.04,86.44,100.23,219.29,9.3942
2023-10-24,1069.76,86.49,101.21,220.13,9.5351
2023-10-25,1092.16,87.02,102.11,219.79,9.6154
2023-10-26,1084.71,86.37,101.51,221.73,9.4519
2023-10-27,1076.52,86.57,101.97,219.61,9.5298
2023-10-30,1065.71,88.01,102.58,220.06,9.4742
2023-10-31,1058.9,87.87,105.0,220.26,9.4212
2023-11-01,1048.42,87.64,105.18,219.27,9.4377
2023-11-02,1048.66,87.45,106.19,217.05,9.642
2023-11-03,1047.79,87.63,106.99,217.99,9.6162
2023-11-06,1055.13,87.1,107.62,217.85,9.4408
2023-11-07,1041.4,87.84,106.64,220.36,9.3247
2023-11-08,1034.12,88.22,106.93,218.89,9.3841
2023-11-09,1038.75,88.84,108.44,220.53,9.3106
2023-11-10,1047.43,88.5,108.08,217.05,9.2729
2023-11-13,1020.68,89.23,108.33,218.76,9.4746
2023-11-14,1014.14,90.65,107.57,217.62,9.4589
2023-11-15,1011.62,90.48,107.87,217.96,9.4313
2023-11-16,988.87,90.23,108.25,218.68,9.2869
2023-11-17,994.31,90.19,108.97,219.29,9.1352
2023-11-20,1008.38,89.63,108.61,217.71,9.02
2023-11-21,986.8,89.4,108.22,218.77,9.0408
2023-11-22,969.83,90.4,107.69,219.66,9.222
2023-11-23,980.74,90.66,107.99,219.77,9.1422
2023-11-24,993.84,90.39,108.2,220.25,9.156
2023-11-27,979.99,90.03,110.5,218.73,9.2173
2023-11-28,969.46,89.26,109.89,218.58,9.0661
2023-11-29,977.13,90.0,110.62,218.61,9.0304
2023-11-30,974.83,89.27,110.1,216.2,8.9245
2023-12-01,969.47,89.29,109.66,215.45,8.9356
2023-12-04,987.54,89.35,110.79,216.63,8.8475
2023-12-05,991.27,87.93,111.26,216.48,8.7681
2023-12-06,971.42,87.71,111.84,216.59,8.5555
2023-12-07,974.6,88.06,110.5,214.61,8.5443
2023-12-08,959.57,86.23,113.2,216.05,8.5595
2023-12-11,968.07,85.14,115.42,215.06,8.6273
2023-12-12,979.29,85.14,114.71,214.55,8.6084
2023-12-13,984.57,84.86,113.35,212.58,8.7744
2023-12-14,995.37,85.13,112.64,213.18,8.6154
2023-12-15,1018.2,86.01,112.92,212.92,8.5522
2023-12-18,1027.03,85.97,112.0,211.17,8.406
2023-12-19,1023.11,86.2,112.32,212.54,8.4687
2023-12-20,1010.91,86.37,111.69,212.63,8.617
2023-12-21,1013.89,84.57,114.58,212.27,8.6427
2023-12-22,1002.45,84.18,114.38,213.97,8.7671
2023-12-25,986.62,83.98,113.94,213.32,8.8791
2023-12-26,981.86,84.67,116.09,212.14,8.7545
2023-12-27,962.64,84.24,116.48,215.45,8.6903
2023-12-28,948.93,84.64,116.53,215.66,8.6571
2023-12-29,954.71,85.08,116.52,217.57,8.5979
2024-01-01,949.96,84.03,117.17,219.0,8.4457
2024-01-02,947.04,82.62,116.74,216.5,8.3152
2024-01-03,947.14,83.48,116.9,216.12,8.5296
2024-01-04,926.75,82.82,116.36,216.25,8.7049
2024-01-05,929.07,83.62,114.97,215.32,8.6954
2024-01-08,929.4,83.67,114.66,215.8,8.7064
2024-01-09,929.3,84.2,114.88,217.76,8.4425
2024-01-10,933.29,82.66,116.6,216.89,8.2853
2024-01-11,911.02,84.34,116.88,216.88,8.1382
2024-01-12,931.35,82.14,116.54,216.75,8.0901
2024-01-15,928.52,81.07,116.71,216.89,8.1058
2024-01-16,913.91,81.27,117.39,216.07,8.2249
2024-01-17,915.42,82.12,115.03,217.31,8.1286
2024-01-18,902.68,82.65,114.62,215.03,8.0969
2024-01-19,903.72,83.33,112.41,213.64,7.9492
2024-01-22,909.64,82.47,110.66,211.78,7.9092
2024-01-23,896.49,82.76,109.95,212.13,7.7508
2024-01-24,905.49,83.83,109.85,213.45,7.8408
2024-01-25,907.19,82.54,109.93,215.04,7.869
2024-01-26,911.15,81.66,110.09,216.95,7.8474
2024-01-29,915.7,81.82,111.46,214.96,7.7866
2024-01-30,921.4,82.91,111.95,214.92,7.7978
2024-01-31,933.55,83.49,112.39,216.36,7.7844
2024-02-01,943.08,82.65,112.1,216.2,7.6848
2024-02-02,948.68,82.22,114.15,217.2,7.6096
2024-02-05,940.86,81.94,115.55,218.36,7.665
2024-02-06,944.3,80.76,114.98,218.28,7.6081
2024-02-07,938.72,82.34,114.42,217.36,7.4567
2024-02-08,923.79,81.96,115.29,216.67,7.5002
2024-02-09,923.72,81.49,116.39,219.01,7.6554
2024-02-12,914.57,80.17,116.1,219.36,7.6821
2024-02-13,926.79,80.31,117.36,218.6,7.5865
2024-02-14,926.76,80.26,116.14,217.54,7.536
2024-02-15,927.6,81.21,116.03,219.26,7.591
2024-02-16,936.16,81.88,117.17,217.44,7.6519
2024-02-19,932.11,81.79,116.61,218.35,7.6791
2024-02-20,929.77,82.25,116.83,221.94,7.6952
2024-02-21,942.5,83.78,116.87,222.08,7.7489
2024-02-22,928.2,83.2,116.65,220.39,7.7897
2024-02-23,919.48,82.9,114.73,217.5,7.7023
2024-02-26,918.45,83.5,114.45,218.91,7.5005
2024-02-27,927.03,83.04,114.7,217.1,7.5035
2024-02-28,930.03,83.42,114.97,217.59,7.5415
2024-02-29,918.27,82.58,115.84,220.61,7.6669
2024-03-01,909.1,83.23,116.91,221.42,7.6021
2024-03-04,927.1,83.79,116.6,221.2,7.5539
2024-03-05,930.8,83.33,116.44,221.03,7.4332
2024-03-06,924.67,82.35,118.33,222.55,7.3434
2024-03-07,919.97,82.61,119.37,221.6,7.4286
2024-03-08,960.21,82.65,119.48,221.19,7.6611
2024-03-11,975.3,81.6,119.33,222.81,7.6765
2024-03-12,957.75,82.39,120.58,225.02,7.731
2024-03-13,953.15,81.83,121.86,224.31,7.835
2024-03-14,961.38,83.0,121.85,226.29,7.7696
2024-03-15,958.76,84.07,122.46,226.85,7.806
2024-03-18,971.61,84.28,122.6,224.43,7.9398
2024-03-19,991.64,84.88,122.65,224.77,7.8063
2024-03-20,992.12,83.74,124.87,224.95,7.92
2024-03-21,995.83,83.76,123.51,224.81,8.0793
2024-03-22,994.32,84.22,124.47,225.11,8.223
2024-03-25,1004.73,83.23,123.37,227.99,8.3359
2024-03-26,1022.37,82.09,122.68,227.95,8.2781
2024-03-27,1033.66,83.34,123.74,228.97,8.3706
2024-03-28,1021.45,83.67,122.35,231.86,8.1476
2024-03-29,1030.64,84.81,121.39,231.16,8.0342
2024-04-01,1024.3,85.62,120.21,228.44,8.0819
2024-04-02,1045.23,83.38,119.64,226.39,8.1013
2024-04-03,1051.3,82.5,120.07,224.0,8.1287
2024-04-04,1064.42,82.39,121.45,225.64,8.1421
2024-04-05,1064.58,82.44,120.8,228.33,8.179
2024-04-08,1064.62,82.56,121.91,228.04,8.0682
2024-04-09,1070.25,82.04,120.63,230.97,8.2104
2024-04-10,1070.3,81.98,123.1,230.36,8.2137
2024-04-11,1090.07,81.2,122.66,231.71,8.167
2024-04-12,1076.47,82.2,122.18,232.71,8.1877
2024-04-15,1085.3,81.45,122.53,231.49,8.1556
2024-04-16,1078.53,81.02,122.69,231.27,8.1956
2024-04-17,1089.55,81.71,122.54,232.73,8.1077
2024-04-18,1067.99,81.28,120.68,230.42,8.0251
2024-04-19,1084.11,81.43,121.66,230.35,7.8433
2024-04-22,1080.75,80.74,122.49,228.99,7.727
2024-04-23,1066.16,80.72,122.06,227.61,7.6675
2024-04-24,1075.28,81.04,120.78,228.7,7.6035
2024-04-25,1073.37,79.88,121.09,227.11,7.7761
2024-04-26,1077.18,78.63,122.35,229.32,7.8074
2024-04-29,1092.71,77.77,120.42,229.92,7.7822
2024-04-30,1079.7,78.39,119.19,228.83,7.8616
2024-05-01,1071.15,78.8,119.29,226.58,7.9897
2024-05-02,1072.55,79.43,118.41,227.84,8.0462
2024-05-03,1079.91,80.56,118.04,228.45,7.9403
2024-05-06,1071.75,80.26,117.93,226.61,7.8768
2024-05-07,1062.58,79.72,118.78,227.52,7.957
2024-05-08,1072.34,79.64,119.64,226.99,7.8049
2024-05-09,1084.79,79.83,120.73,229.76,7.7228
2024-05-10,1102.56,80.67,121.75,230.79,7.5845
2024-05-13,1099.31,80.77,121.05,229.45,7.5279
2024-05-14,1068.01,81.22,118.4,229.33,7.4196
2024-05-15,1074.79,80.77,118.75,231.94,7.3661
2024-05-16,1084.53,79.57,119.24,234.13,7.3947
2024-05-17,1067.06,81.0,119.74,233.42,7.2466
2024-05-20,1068.58,81.13,119.0,230.89,7.468
2024-05-21,1072.35,80.86,121.12,232.88,7.5092
2024-05-22,1076.92,80.98,119.27,231.61,7.4727
2024-05-23,1071.68,82.74,120.17,235.29,7.5822
2024-05-24,1073.12,82.39,120.87,233.18,7.6271
2024-05-27,1080.88,82.05,121.91,232.47,7.6579
2024-05-28,1059.75,81.5,123.49,235.35,7.6735
2024-05-29,1071.18,81.21,124.06,235.85,7.6772
2024-05-30,1067.17,79.7,124.46,237.83,7.6441
2024-05-31,1076.89,80.69,124.13,240.12,7.6404
2024-06-03,1068.77,80.71,125.03,236.62,7.6902
2024-06-04,1048.64,80.05,125.48,235.3,7.7109
2024-06-05,1063.2,80.91,126.42,236.57,7.7761
2024-06-06,1083.6,80.63,125.11,237.47,7.7782
2024-06-07,1061.4,81.78,123.37,236.57,7.8472
2024-06-10,1046.38,81.64,123.45,234.76,7.9267
2024-06-11,1047.91,81.62,124.06,235.07,7.8971
2024-06-12,1035.93,81.86,122.32,236.48,7.8283
2024-06-13,1045.31,82.33,121.19,237.72,7.9482
2024-06-14,1036.32,81.85,120.81,235.72,7.9273
2024-06-17,1030.66,81.39,121.15,234.74,7.9733
2024-06-18,1033.55,81.56,121.52,236.69,7.9661
2024-06-19,1008.73,80.11,122.65,238.48,7.868
2024-06-20,1005.48,77.98,122.48,239.27,7.7672
2024-06-21,1029.12,77.93,122.98,238.47,7.7735
2024-06-24,1036.4,78.05,124.46,240.03,7.7146
2024-06-25,1025.13,78.91,124.17,239.57,7.657
2024-06-26,1037.78,78.84,126.81,236.32,7.6262
2024-06-27,1062.76,79.7,126.41,233.63,7.7872
2024-06-28,1078.66,80.77,126.58,230.18,7.8725
2024-07-01,1071.96,80.87,124.42,230.46,7.9647
2024-07-02,1064.42,80.4,124.35,232.21,7.9859
2024-07-03,1060.38,79.69,123.77,233.18,7.8165
2024-07-04,1048.26,79.57,123.07,233.89,7.8901
2024-07-05,1049.02,78.52,123.43,232.16,8.12
2024-07-08,1037.54,78.7,122.22,233.34,8.1848
2024-07-09,1027.7,79.3,122.5,231.48,8.3168
2024-07-10,1031.85,78.86,120.3,230.36,8.1919
2024-07-11,1025.69,79.61,119.78,231.51,8.2289
2024-07-12,1023.72,78.97,121.31,232.4,8.2718
2024-07-15,1049.38,79.02,121.49,230.17,8.3755
2024-07-16,1054.19,79.19,122.2,230.0,8.3644
2024-07-17,1068.94,77.76,121.21,229.35,8.4237
2024-07-18,1074.68,77.57,119.78,228.91,8.2789
2024-07-19,1082.48,78.26,121.35,227.67,8.2053
2024-07-22,1066.47,79.13,122.52,226.86,8.1705
2024-07-23,1060.3,80.1,123.52,226.35,8.2115
2024-07-24,1057.57,79.57,123.55,228.27,8.2673
2024-07-25,1052.65,79.69,124.92,230.58,8.1359
2024-07-26,1050.65,78.51,124.47,230.59,8.1779
2024-07-29,1052.97,79.05,125.29,231.38,8.3656
2024-07-30,1050.73,79.07,126.08,232.58,8.3882
2024-07-31,1059.4,79.75,125.07,231.33,8.5465
2024-08-01,1056.85,78.78,126.75,232.78,8.6812
2024-08-02,1070.34,79.8,126.93,233.1,8.8078
2024-08-05,1070.61,79.85,127.92,230.8,8.8468
2024-08-06,1063.83,78.85,126.2,231.27,8.7396
2024-08-07,1049.26,79.43,124.85,231.61,8.6888
2024-08-08,1040.56,81.09,124.4,230.71,8.7942
2024-08-09,1037.98,81.32,125.02,228.91,8.9621
2024-08-12,1052.64,81.54,126.39,227.35,8.9659
2024-08-13,1037.98,80.32,126.86,226.08,9.1116
2024-08-14,1050.71,80.17,126.75,231.09,8.898
2024-08-15,1050.03,80.93,127.46,229.13,8.8702
2024-08-16,1040.59,81.15,127.23,228.6,8.9407
2024-08-19,1025.55,81.04,127.45,229.04,8.9963
2024-08-20,1032.37,80.5,127.96,230.74,8.9661
2024-08-21,1010.69,81.99,127.19,229.08,8.8806
2024-08-22,1005.82,81.57,127.7,226.18,8.8266
2024-08-23,1001.2,80.3,126.04,225.88,8.8337
2024-08-26,999.75,80.48,125.12,222.55,8.9521
2024-08-27,1006.76,80.25,125.92,219.83,8.9147
2024-08-28,1000.16,79.95,125.2,221.63,8.8319
2024-08-29,1001.93,79.36,125.79,221.9,8.8659
2024-08-30,988.58,78.71,126.09,224.57,9.0909
2024-09-02,989.62,77.88,125.89,222.55,9.0454
2024-09-03,996.86,78.64,127.69,221.89,8.9131
2024-09-04,993.29,77.9,128.28,222.7,8.9334
2024-09-05,997.85,77.23,127.63,224.74,8.9973
2024-09-06,999.43,77.38,127.06,225.24,8.9984
2024-09-09,995.93,77.9,127.23,224.85,9.0871
2024-09-10,995.64,78.16,125.53,222.94,9.1304
2024-09-11,993.83,77.94,126.89,223.83,9.1664
2024-09-12,972.22,77.45,126.84,221.01,9.3426
2024-09-13,956.21,77.51,124.87,222.14,9.5287
2024-09-16,961.3,77.15,123.77,222.56,9.6882
2024-09-17,939.17,76.98,125.41,223.27,9.7957
2024-09-18,951.97,77.66,125.7,223.43,9.8064
2024-09-19,937.24,77.61,128.25,226.61,9.8514
2024-09-20,937.94,78.23,128.3,228.92,9.891
2024-09-23,943.35,77.8,128.88,231.71,9.8623
2024-09-24,936.93,77.57,131.24,230.04,9.9341
2024-09-25,949.74,77.58,133.87,231.12,9.8793
2024-09-26,935.47,77.84,132.74,229.22,9.9813
2024-09-27,945.51,77.01,133.85,229.48,10.0072
2024-09-30,947.48,76.3,132.58,229.76,10.0374
2024-10-01,946.23,77.63,132.03,230.37,10.0352
2024-10-02,957.53,77.84,129.95,231.56,9.9087
2024-10-03,963.78,77.45,130.67,232.91,9.8983
2024-10-04,951.09,76.26,129.47,233.26,9.7512
2024-10-07,966.82,75.83,128.56,234.56,9.835
2024-10-08,978.28,76.57,130.87,233.0,9.8509
2024-10-09,979.82,77.55,131.97,234.23,9.929
2024-10-10,981.87,76.7,131.78,237.06,10.0609
2024-10-11,997.26,76.72,129.64,235.57,10.3024
2024-10-14,1016.59,77.19,130.03,237.25,10.1636
2024-10-15,1024.08,77.72,127.32,236.34,10.1927
2024-10-16,1011.07,77.86,126.28,237.7,10.2074
2024-10-17,1012.85,77.88,127.08,236.1,10.288
2024-10-18,1022.72,78.19,128.04,237.76,10.4772
2024-10-21,1013.49,77.79,128.23,236.97,10.4738
2024-10-22,1000.12,78.03,129.22,238.9,10.6963
2024-10-23,1000.59,78.58,129.46,239.37,10.8386
2024-10-24,1002.26,78.34,128.55,239.6,10.6025
2024-10-25,1006.96,79.32,128.6,240.62,10.4154
2024-10-28,1021.51,80.07,130.69,239.41,10.3739
2024-10-29,996.94,79.68,130.65,237.98,10.4102
2024-10-30,998.46,79.32,131.04,237.84,10.5116
2024-10-31,996.53,79.49,131.73,238.34,10.691
2024-11-01,997.11,79.8,130.07,238.14,10.8894
2024-11-04,999.4,80.16,128.87,237.96,11.0544
2024-11-05,1011.49,80.32,127.03,236.27,10.896
2024-11-06,1018.33,80.22,127.47,237.51,11.0088
2024-11-07,1018.2,81.95,127.06,237.82,11.0364
2024-11-08,1019.64,83.46,125.64,236.94,11.0516
2024-11-11,1021.26,83.87,124.19,237.35,11.1301
2024-11-12,1020.13,84.32,125.04,238.73,11.0569
2024-11-13,1035.95,84.87,126.02,238.93,11.1735
2024-11-14,1014.13,85.81,126.52,240.03,11.19
2024-11-15,998.54,86.16,126.56,241.98,11.0679
2024-11-18,1017.19,87.16,127.16,243.62,11.0817
2024-11-19,1024.24,85.67,127.18,243.71,11.012
2024-11-20,1032.0,85.14,127.61,239.25,11.0063
2024-11-21,1046.05,84.61,127.14,240.3,11.2278
2024-11-22,1022.79,83.36,125.95,237.45,11.3043
2024-11-25,1040.03,83.05,125.08,237.02,11.4964
2024-11-26,1026.77,82.59,125.38,236.63,11.5888
2024-11-27,1015.8,81.89,127.34,238.48,11.3459
2024-11-28,1028.21,81.07,126.33,239.19,11.6072
2024-11-29,1015.23,81.49,125.03,238.45,11.6336
2024-12-02,1021.76,80.82,125.87,238.17,11.6012
2024-12-03,1038.85,81.22,126.71,239.37,11.1924
2024-12-04,1031.63,80.57,125.85,236.75,11.2512
2024-12-05,1025.17,80.67,125.16,240.21,11.0098
2024-12-06,1033.42,79.63,124.44,238.66,11.186
2024-12-09,1044.4,78.31,124.8,236.95,11.0944
2024-12-10,1048.87,78.61,128.36,235.02,11.1341
2024-12-11,1030.64,78.56,127.48,238.89,11.1034
2024-12-12,1050.04,80.25,127.8,236.92,11.0392
2024-12-13,1057.9,80.73,127.18,237.02,11.0371
2024-12-16,1030.41,81.09,127.32,234.49,11.2838
2024-12-17,1020.36,81.33,127.77,236.29,11.1768
2024-12-18,1008.57,81.01,128.06,235.5,11.1401
2024-12-19,1000.11,81.52,126.84,234.8,11.3369
2024-12-20,1003.41,81.25,125.63,233.61,11.2128
2024-12-23,995.7,81.7,126.67,234.16,11.1436
2024-12-24,1010.03,81.29,126.94,235.44,11.043
2024-12-25,1023.22,82.27,127.12,237.07,10.9304
2024-12-26,1024.48,82.38,127.74,237.62,11.0375
2024-12-27,1012.72,82.26,126.8,235.79,11.1485
2024-12-30,1013.12,82.66,128.15,236.03,11.1477
2024-12-31,1018.21,82.34,127.12,233.46,11.1291
